batch_id,start_row,end_row,num_tickers,tickers,batch_dir,start_time,end_time,raw_size_gb,num_downloaded_records,status,message
1,0,50,50,"A,AA,AACI,AACO,AAL,AAMI,AAOI,AAON,AAP,AAPL,AARD,AAUC,ABAT,ABBV,ABCB,ABCL,ABEO,ABG,ABM,ABNB,ABOS,ABSI,ABT,ABTC,ABTS,ABUS,ABVC,ABX,ACA,ACAA,ACAD,ACB,ACCL,ACCO,ACDC,ACEL,ACET,ACFN,ACGL,ACH,ACHC,ACHR,ACHV,ACI,ACIC,ACIU,ACIW,ACLS,ACM,ACMR",C:\Users\linka\Dropbox\Projects\sec_data_pipeline\sec_filings_rolling_tmp\batch_00001,2026-05-31T17:26:31,2026-05-31T17:28:10,0.0723,47,failed,[WinError 32] The process cannot access the file because it is being used by another process: 'C:\\Users\\linka\\Dropbox\\Projects\\sec_data_pipeline\\sec_filings_rolling_tmp\\batch_00001'
2,50,100,50,"ACN,ACNB,ACNT,ACOG,ACON,ACR,ACRE,ACRS,ACRV,ACT,ACTG,ACTU,ACVA,ACXP,AD,ADAC,ADBE,ADC,ADCT,ADEA,ADGM,ADI,ADIL,ADM,ADMA,ADNT,ADP,ADPT,ADSK,ADT,ADTN,ADTX,ADUR,ADUS,ADV,ADVB,AEAQ,AEBI,AEC,AEE,AEG,AEHL,AEHR,AEI,AEIS,AEM,AEMD,AENT,AEO,AEP",C:\Users\linka\Dropbox\Projects\sec_data_pipeline\sec_filings_rolling_tmp\batch_00002,2026-05-31T17:28:10,2026-05-31T17:29:52,0.0785,46,processed_and_deleted,Download completed. Metadata: C:\Users\linka\Dropbox\Projects\sec_data_pipeline\data\sec_rolling\batch_logs\batch_00002_download_metadata.json | Extraction completed. Manifest rows marked processed: 46. Extraction summary: C:\Users\linka\Dropbox\Projects\sec_data_pipeline\data\sec_rolling\batch_logs\batch_00002_extraction_summary.json | Raw batch folder deleted.
3,100,150,50,"AER,AES,AESI,AEVA,AEXA,AEYE,AFBI,AFCG,AFG,AFGB,AFGC,AFGD,AFGE,AFJK,AFL,AFRI,AFRM,AFYA,AG,AGBK,AGCC,AGCO,AGEN,AGH,AGI,AGIO,AGL,AGM,AGM-A,AGMB,AGMH,AGNC,AGNT,AGO,AGPU,AGRO,AGX,AGYS,AHCO,AHMA,AHR,AI,AIDX,AIFC,AIFF,AIFU,AIG,AIHS,AII,AIIA",C:\Users\linka\Dropbox\Projects\sec_data_pipeline\sec_filings_rolling_tmp\batch_00003,2026-05-31T17:29:52,2026-05-31T17:31:16,0.0655,31,processed_and_deleted,Download completed. Metadata: C:\Users\linka\Dropbox\Projects\sec_data_pipeline\data\sec_rolling\batch_logs\batch_00003_download_metadata.json | Extraction completed. Manifest rows marked processed: 31. Extraction summary: C:\Users\linka\Dropbox\Projects\sec_data_pipeline\data\sec_rolling\batch_logs\batch_00003_extraction_summary.json | Raw batch folder deleted.
4,150,200,50,"AIMD,AIN,AIOS,AIOT,AIP,AIR,AIRG,AIRJ,AIRO,AIRS,AIRT,AISP,AIT,AIV,AIXC,AIZ,AJG,AKA,AKAM,AKAN,AKBA,AKO-A,AKO-B,AKTS,ALAB,ALB,ALC,ALCO,ALCY,ALDF,ALDX,ALEC,ALF,ALG,ALGM,ALGN,ALGS,ALGT,ALH,ALHC,ALIT,ALK,ALKS,ALKT,ALL,ALL$B,ALLE,ALLO,ALLR,ALLT",C:\Users\linka\Dropbox\Projects\sec_data_pipeline\sec_filings_rolling_tmp\batch_00004,2026-05-31T17:31:16,2026-05-31T17:32:38,0.0582,40,processed_and_deleted,Download completed. Metadata: C:\Users\linka\Dropbox\Projects\sec_data_pipeline\data\sec_rolling\batch_logs\batch_00004_download_metadata.json | Extraction completed. Manifest rows marked processed: 40. Extraction summary: C:\Users\linka\Dropbox\Projects\sec_data_pipeline\data\sec_rolling\batch_logs\batch_00004_extraction_summary.json | Raw batch folder deleted.
5,200,250,50,"ALLY,ALM,ALMR,ALMS,ALMU,ALNT,ALNY,ALOT,ALOV,ALOY,ALPS,ALRM,ALRS,ALSN,ALT,ALTG,ALTI,ALTO,ALUB,ALV,ALVO,ALX,ALXO,AM,AMAL,AMAT,AMBA,AMBP,AMBQ,AMC,AMCI,AMCR,AMCX,AMD,AME,AMG,AMGN,AMH,AMKR,AMLX,AMN,AMP,AMPG,AMPH,AMPL,AMPX,AMPY,AMR,AMRC,AMRX",C:\Users\linka\Dropbox\Projects\sec_data_pipeline\sec_filings_rolling_tmp\batch_00005,2026-05-31T17:32:38,2026-05-31T17:34:25,0.092,47,processed_and_deleted,Download completed. Metadata: C:\Users\linka\Dropbox\Projects\sec_data_pipeline\data\sec_rolling\batch_logs\batch_00005_download_metadata.json | Extraction completed. Manifest rows marked processed: 47. Extraction summary: C:\Users\linka\Dropbox\Projects\sec_data_pipeline\data\sec_rolling\batch_logs\batch_00005_extraction_summary.json | Raw batch folder deleted.
6,250,300,50,"AMRZ,AMSC,AMSF,AMST,AMT,AMTB,AMTM,AMTX,AMWD,AMWL,AMZN,AN,ANAB,ANDE,ANDG,ANET,ANF,ANGH,ANGI,ANGO,ANGX,ANIK,ANIP,ANIX,ANNA,ANNX,ANPA,ANRO,ANSC,ANTA,ANTX,ANVS,ANY,AOMR,AON,AORT,AOS,AOSL,AOUT,AP,APA,APAC,APAM,APC,APD,APEI,APG,APGE,APH,APLD",C:\Users\linka\Dropbox\Projects\sec_data_pipeline\sec_filings_rolling_tmp\batch_00006,2026-05-31T17:34:25,2026-05-31T17:36:04,0.0703,48,processed_and_deleted,Download completed. Metadata: C:\Users\linka\Dropbox\Projects\sec_data_pipeline\data\sec_rolling\batch_logs\batch_00006_download_metadata.json | Extraction completed. Manifest rows marked processed: 48. Extraction summary: C:\Users\linka\Dropbox\Projects\sec_data_pipeline\data\sec_rolling\batch_logs\batch_00006_extraction_summary.json | Raw batch folder deleted.
7,300,350,50,"APLE,APLM,APLS,APO,APOG,APP,APPF,APPN,APPS,APTV,APVO,APWC,APXT,APYX,AQB,AQMS,AQN,AQST,AR,ARBB,ARCB,ARCI,ARCO,ARCT,ARDT,ARDX,ARE,ARES,ARHS,ARI,ARIS,ARKO,ARKR,ARL,ARLO,ARMK,AROC,AROW,ARQ,ARQQ,ARQT,ARR,ARRY,ARTC,ARTL,ARTNA,ARTV,ARTW,ARVN,ARW",C:\Users\linka\Dropbox\Projects\sec_data_pipeline\sec_filings_rolling_tmp\batch_00007,2026-05-31T17:36:04,2026-05-31T17:37:40,0.0733,43,processed_and_deleted,Download completed. Metadata: C:\Users\linka\Dropbox\Projects\sec_data_pipeline\data\sec_rolling\batch_logs\batch_00007_download_metadata.json | Extraction completed. Manifest rows marked processed: 43. Extraction summary: C:\Users\linka\Dropbox\Projects\sec_data_pipeline\data\sec_rolling\batch_logs\batch_00007_extraction_summary.json | Raw batch folder deleted.
8,350,400,50,"ARWR,ARX,ARXS,AS,ASA,ASAN,ASB,ASBP,ASC,ASH,ASIC,ASIX,ASLE,ASMB,ASML,ASND,ASO,ASPC,ASPI,ASPN,ASPS,ASR,ASRT,ASRV,ASST,ASTC,ASTE,ASTH,ASTI,ASTL,ASTS,ASUR,ASYS,ATAI,ATCX,ATEC,ATEN,ATEX,ATGL,ATHR,ATHS,ATI,ATII,ATKR,ATLC,ATLN,ATLO,ATLX,ATMU,ATNI",C:\Users\linka\Dropbox\Projects\sec_data_pipeline\sec_filings_rolling_tmp\batch_00008,2026-05-31T17:37:40,2026-05-31T17:39:18,0.0802,40,processed_and_deleted,Download completed. Metadata: C:\Users\linka\Dropbox\Projects\sec_data_pipeline\data\sec_rolling\batch_logs\batch_00008_download_metadata.json | Extraction completed. Manifest rows marked processed: 40. Extraction summary: C:\Users\linka\Dropbox\Projects\sec_data_pipeline\data\sec_rolling\batch_logs\batch_00008_extraction_summary.json | Raw batch folder deleted.
9,400,450,50,"ATO,ATOM,ATOS,ATPC,ATR,ATRC,ATRO,ATS,ATXG,AU,AUB,AUBN,AUDC,AUGO,AUID,AUNA,AUPH,AUR,AURA,AURE,AUUD,AVA,AVAH,AVAV,AVB,AVBC,AVBH,AVBP,AVD,AVEX,AVGO,AVIR,AVLN,AVNS,AVNT,AVNW,AVO,AVPT,AVR,AVT,AVTR,AVTX,AVXL,AVY,AWI,AWK,AWR,AWRE,AX,AXG",C:\Users\linka\Dropbox\Projects\sec_data_pipeline\sec_filings_rolling_tmp\batch_00009,2026-05-31T17:39:18,2026-05-31T17:40:49,0.071,41,failed,[WinError 32] The process cannot access the file because it is being used by another process: 'C:\\Users\\linka\\Dropbox\\Projects\\sec_data_pipeline\\sec_filings_rolling_tmp\\batch_00009'
10,450,500,50,"AXGN,AXIN,AXON,AXP,AXR,AXS,AXSM,AXTA,AXTI,AYA,AYI,AYTU,AZ,AZN,AZO,AZTA,AZZ,B,BA,BAC,BAC$L,BACC,BAER,BAFN,BAH,BALL,BALY,BAM,BANC,BAND,BANF,BANR,BAOS,BAP,BARK,BATRA,BATRK,BAX,BB,BBAI,BBBY,BBCP,BBCQ,BBDC,BBIO,BBLG,BBNX,BBOT,BBSI,BBT",C:\Users\linka\Dropbox\Projects\sec_data_pipeline\sec_filings_rolling_tmp\batch_00010,2026-05-31T17:40:49,2026-05-31T17:42:47,0.0987,41,processed_and_deleted,Download completed. Metadata: C:\Users\linka\Dropbox\Projects\sec_data_pipeline\data\sec_rolling\batch_logs\batch_00010_download_metadata.json | Extraction completed. Manifest rows marked processed: 41. Extraction summary: C:\Users\linka\Dropbox\Projects\sec_data_pipeline\data\sec_rolling\batch_logs\batch_00010_extraction_summary.json | Raw batch folder deleted.
11,500,550,50,"BBUC,BBVA,BBW,BBWI,BBY,BC,BCAL,BCAR,BCAX,BCBP,BCC,BCE,BCG,BCML,BCO,BCPC,BCRX,BCS,BCSF,BCSS,BCTX,BCX,BDC,BDCI,BDMD,BDSX,BDTX,BDX,BE,BEAG,BEAM,BEAT,BEBE,BEEM,BEEP,BELFA,BELFB,BEN,BENF,BEPC,BETA,BETR,BF-A,BF-B,BFAM,BFC,BFH,BFLY,BFRI,BFS",C:\Users\linka\Dropbox\Projects\sec_data_pipeline\sec_filings_rolling_tmp\batch_00011,2026-05-31T17:42:47,2026-05-31T17:44:32,0.1006,41,failed,[WinError 32] The process cannot access the file because it is being used by another process: 'C:\\Users\\linka\\Dropbox\\Projects\\sec_data_pipeline\\sec_filings_rolling_tmp\\batch_00011'
12,550,600,50,"BFST,BG,BGC,BGIN,BGL,BGLC,BGMS,BGS,BGSF,BGSI,BH,BH-A,BHAV,BHC,BHE,BHF,BHFAL,BHR,BHRB,BHST,BHVN,BIAF,BIIB,BIII,BILL,BIO,BIO-B,BIOA,BIPC,BIRD,BIRK,BIVI,BIXI,BIYA,BJ,BJDX,BJRI,BK,BKD,BKE,BKH,BKKT,BKNG,BKR,BKSY,BKU,BKV,BL,BLBD,BLCO",C:\Users\linka\Dropbox\Projects\sec_data_pipeline\sec_filings_rolling_tmp\batch_00012,2026-05-31T17:44:32,2026-05-31T17:46:19,0.07,42,processed_and_deleted,Download completed. Metadata: C:\Users\linka\Dropbox\Projects\sec_data_pipeline\data\sec_rolling\batch_logs\batch_00012_download_metadata.json | Extraction completed. Manifest rows marked processed: 42. Extraction summary: C:\Users\linka\Dropbox\Projects\sec_data_pipeline\data\sec_rolling\batch_logs\batch_00012_extraction_summary.json | Raw batch folder deleted.
13,600,650,50,"BLD,BLDP,BLDR,BLFS,BLIV,BLK,BLKB,BLLN,BLMN,BLND,BLNE,BLRK,BLSH,BLUW,BLX,BLZE,BLZR,BMBL,BMEA,BMHL,BMI,BMM,BMNR,BMO,BMR,BMRA,BMRC,BMRN,BMY,BN,BNAI,BNC,BNED,BNGO,BNKK,BNL,BNRG,BNS,BNT,BNTC,BNZI,BOBS,BOC,BODI,BOF,BOH,BOKF,BOLD,BOLT,BON",C:\Users\linka\Dropbox\Projects\sec_data_pipeline\sec_filings_rolling_tmp\batch_00013,2026-05-31T17:46:19,2026-05-31T17:48:00,0.0651,37,failed,[WinError 32] The process cannot access the file because it is being used by another process: 'C:\\Users\\linka\\Dropbox\\Projects\\sec_data_pipeline\\sec_filings_rolling_tmp\\batch_00013'
14,650,700,50,"BOOM,BOOT,BORR,BOSC,BOT,BOTJ,BOW,BOX,BP,BPAC,BPOP,BPRN,BR,BRAG,BRAI,BRBI,BRBR,BRC,BRCB,BRCC,BRFH,BRID,BRK-A,BRK-B,BRKR,BRLT,BRO,BROS,BRSL,BRSP,BRT,BRUN,BRX,BRZE,BSAA,BSBK,BSET,BSRR,BSVN,BSX,BSY,BTAI,BTBT,BTCS,BTCT,BTDR,BTE,BTGO,BTM,BTMD",C:\Users\linka\Dropbox\Projects\sec_data_pipeline\sec_filings_rolling_tmp\batch_00014,2026-05-31T17:48:00,2026-05-31T17:49:42,0.0863,39,processed_and_deleted,Download completed. Metadata: C:\Users\linka\Dropbox\Projects\sec_data_pipeline\data\sec_rolling\batch_logs\batch_00014_download_metadata.json | Extraction completed. Manifest rows marked processed: 39. Extraction summary: C:\Users\linka\Dropbox\Projects\sec_data_pipeline\data\sec_rolling\batch_logs\batch_00014_extraction_summary.json | Raw batch folder deleted.
15,700,750,50,"BTOG,BTQ,BTSG,BTTC,BTU,BULL,BUR,BURL,BUSE,BUUU,BV,BVC,BVFL,BVN,BVS,BW,BWA,BWB,BWEN,BWFG,BWIN,BWIV,BWLP,BWMN,BWMX,BWXT,BX,BXC,BXP,BY,BYAH,BYD,BYFC,BYRN,BYSI,BZAI,BZH,C,CAAP,CAAS,CABA,CABO,CAC,CACC,CACI,CADL,CAE,CAEP,CAG,CAH",C:\Users\linka\Dropbox\Projects\sec_data_pipeline\sec_filings_rolling_tmp\batch_00015,2026-05-31T17:49:42,2026-05-31T17:51:54,0.1052,39,processed_and_deleted,Download completed. Metadata: C:\Users\linka\Dropbox\Projects\sec_data_pipeline\data\sec_rolling\batch_logs\batch_00015_download_metadata.json | Extraction completed. Manifest rows marked processed: 39. Extraction summary: C:\Users\linka\Dropbox\Projects\sec_data_pipeline\data\sec_rolling\batch_logs\batch_00015_extraction_summary.json | Raw batch folder deleted.
16,750,800,50,"CAI,CAKE,CAL,CALM,CALX,CALY,CAMP,CAMT,CANG,CAPR,CAQ,CAR,CARE,CARG,CARL,CARR,CARS,CART,CASH,CASS,CAST,CASY,CAT,CATO,CATY,CAVA,CB,CBAN,CBC,CBFV,CBIO,CBK,CBL,CBLL,CBNA,CBNK,CBRE,CBRL,CBSH,CBT,CBU,CBUS,CBZ,CC,CCAP,CCB,CCBG,CCC,CCCC,CCEC",C:\Users\linka\Dropbox\Projects\sec_data_pipeline\sec_filings_rolling_tmp\batch_00016,2026-05-31T17:51:54,2026-05-31T17:54:09,0.1289,48,processed_and_deleted,Download completed. Metadata: C:\Users\linka\Dropbox\Projects\sec_data_pipeline\data\sec_rolling\batch_logs\batch_00016_download_metadata.json | Extraction completed. Manifest rows marked processed: 48. Extraction summary: C:\Users\linka\Dropbox\Projects\sec_data_pipeline\data\sec_rolling\batch_logs\batch_00016_extraction_summary.json | Raw batch folder deleted.
17,800,850,50,"CCEP,CCI,CCII,CCIX,CCJ,CCK,CCL,CCLD,CCNE,CCO,CCOI,CCRN,CCS,CCSI,CCU,CCXI,CCZ,CD,CDE,CDIO,CDLX,CDNA,CDNL,CDNS,CDP,CDRE,CDRO,CDT,CDW,CDXS,CDZI,CE,CECO,CEG,CELC,CELH,CELU,CELZ,CENN,CENT,CENTA,CENX,CEPF,CEPO,CEPS,CEPT,CEPV,CERS,CERT,CETX",C:\Users\linka\Dropbox\Projects\sec_data_pipeline\sec_filings_rolling_tmp\batch_00017,2026-05-31T17:54:09,2026-05-31T17:55:46,0.0555,43,processed_and_deleted,Download completed. Metadata: C:\Users\linka\Dropbox\Projects\sec_data_pipeline\data\sec_rolling\batch_logs\batch_00017_download_metadata.json | Extraction completed. Manifest rows marked processed: 43. Extraction summary: C:\Users\linka\Dropbox\Projects\sec_data_pipeline\data\sec_rolling\batch_logs\batch_00017_extraction_summary.json | Raw batch folder deleted.
18,850,900,50,"CEVA,CF,CFBK,CFFI,CFFN,CFG,CFR,CG,CGAU,CGC,CGCT,CGEM,CGEN,CGNT,CGNX,CGON,CGTL,CGTX,CHAI,CHCI,CHCO,CHD,CHDN,CHE,CHEC,CHEF,CHGG,CHH,CHKP,CHMG,CHMI,CHNR,CHPG,CHPT,CHR,CHRD,CHRN,CHRS,CHRW,CHSN,CHT,CHTR,CHWY,CHYM,CI,CIA,CIEN,CIFR,CIGI,CIIT",C:\Users\linka\Dropbox\Projects\sec_data_pipeline\sec_filings_rolling_tmp\batch_00018,2026-05-31T17:55:46,2026-05-31T17:57:16,0.0781,38,processed_and_deleted,Download completed. Metadata: C:\Users\linka\Dropbox\Projects\sec_data_pipeline\data\sec_rolling\batch_logs\batch_00018_download_metadata.json | Extraction completed. Manifest rows marked processed: 38. Extraction summary: C:\Users\linka\Dropbox\Projects\sec_data_pipeline\data\sec_rolling\batch_logs\batch_00018_extraction_summary.json | Raw batch folder deleted.
19,900,950,50,"CIM,CINF,CING,CINT,CION,CISS,CIVB,CL,CLAR,CLB,CLBK,CLBR,CLBT,CLDX,CLF,CLFD,CLH,CLIK,CLIR,CLMB,CLMT,CLNE,CLNN,CLOV,CLPR,CLPS,CLPT,CLRB,CLS,CLSK,CLST,CLVT,CLW,CLWT,CLX,CLYM,CM,CMBT,CMC,CMCO,CMCSA,CMCT,CMDB,CME,CMG,CMI,CMII,CMND,CMP,CMPR",C:\Users\linka\Dropbox\Projects\sec_data_pipeline\sec_filings_rolling_tmp\batch_00019,2026-05-31T17:57:16,2026-05-31T17:58:43,0.0695,38,processed_and_deleted,Download completed. Metadata: C:\Users\linka\Dropbox\Projects\sec_data_pipeline\data\sec_rolling\batch_logs\batch_00019_download_metadata.json | Extraction completed. Manifest rows marked processed: 38. Extraction summary: C:\Users\linka\Dropbox\Projects\sec_data_pipeline\data\sec_rolling\batch_logs\batch_00019_extraction_summary.json | Raw batch folder deleted.
20,950,1000,50,"CMPX,CMRC,CMRE,CMS,CMTL,CMTV,CNA,CNC,CNCK,CNDT,CNEY,CNH,CNI,CNK,CNM,CNMD,CNNE,CNO,CNO$A,CNOB,CNP,CNQ,CNR,CNS,CNSP,CNTB,CNTN,CNTX,CNTY,CNVS,CNX,CNXC,CNXN,COAG,COCO,COCP,CODA,CODI,CODX,COF,COFS,COGT,COHR,COHU,COIN,COKE,COLA,COLB,COLL,COLM",C:\Users\linka\Dropbox\Projects\sec_data_pipeline\sec_filings_rolling_tmp\batch_00020,2026-05-31T17:58:43,2026-05-31T18:00:25,0.0828,43,processed_and_deleted,Download completed. Metadata: C:\Users\linka\Dropbox\Projects\sec_data_pipeline\data\sec_rolling\batch_logs\batch_00020_download_metadata.json | Extraction completed. Manifest rows marked processed: 43. Extraction summary: C:\Users\linka\Dropbox\Projects\sec_data_pipeline\data\sec_rolling\batch_logs\batch_00020_extraction_summary.json | Raw batch folder deleted.
21,1000,1050,50,"COMP,CON,COO,COOK,COP,COPL,COR,CORT,CORZ,COSO,COST,COTY,COUR,COYA,CP,CPA,CPAY,CPB,CPBI,CPF,CPHC,CPIX,CPK,CPNG,CPRI,CPRT,CPRX,CPS,CPSH,CPSS,CR,CRAC,CRAI,CRAN,CRAQ,CRBG,CRBP,CRBU,CRC,CRCL,CRCT,CRD-A,CRD-B,CRDF,CRDL,CRDO,CRE,CREX,CRGO,CRGY",C:\Users\linka\Dropbox\Projects\sec_data_pipeline\sec_filings_rolling_tmp\batch_00021,2026-05-31T18:00:25,2026-05-31T18:01:57,0.0739,46,processed_and_deleted,Download completed. Metadata: C:\Users\linka\Dropbox\Projects\sec_data_pipeline\data\sec_rolling\batch_logs\batch_00021_download_metadata.json | Extraction completed. Manifest rows marked processed: 46. Extraction summary: C:\Users\linka\Dropbox\Projects\sec_data_pipeline\data\sec_rolling\batch_logs\batch_00021_extraction_summary.json | Raw batch folder deleted.
22,1050,1100,50,"CRH,CRI,CRK,CRL,CRM,CRMD,CRML,CRMT,CRNC,CRNT,CRNX,CRON,CROX,CRS,CRSP,CRSR,CRUS,CRVL,CRVO,CRVS,CRWD,CRWS,CRWV,CSBR,CSCO,CSGP,CSGS,CSHR,CSIQ,CSL,CSPI,CSR,CSTE,CSTL,CSTM,CSV,CSW,CSWC,CSX,CTAA,CTAS,CTEV,CTKB,CTMX,CTNM,CTNT,CTO,CTOS,CTRE,CTRI",C:\Users\linka\Dropbox\Projects\sec_data_pipeline\sec_filings_rolling_tmp\batch_00022,2026-05-31T18:01:57,2026-05-31T18:03:28,0.0804,46,processed_and_deleted,Download completed. Metadata: C:\Users\linka\Dropbox\Projects\sec_data_pipeline\data\sec_rolling\batch_logs\batch_00022_download_metadata.json | Extraction completed. Manifest rows marked processed: 46. Extraction summary: C:\Users\linka\Dropbox\Projects\sec_data_pipeline\data\sec_rolling\batch_logs\batch_00022_extraction_summary.json | Raw batch folder deleted.
23,1100,1150,50,"CTRM,CTRN,CTS,CTSH,CTVA,CTW,CUB,CUBE,CUBI,CUE,CULP,CURB,CURI,CURR,CURV,CUZ,CV,CVBF,CVCO,CVE,CVEO,CVGI,CVGW,CVI,CVKD,CVLG,CVLT,CVNA,CVRX,CVS,CVSA,CVV,CVX,CW,CWAN,CWBC,CWCO,CWD,CWEN,CWH,CWK,CWST,CWT,CXDO,CXM,CXT,CXW,CYAB,CYCN,CYCU",C:\Users\linka\Dropbox\Projects\sec_data_pipeline\sec_filings_rolling_tmp\batch_00023,2026-05-31T18:03:28,2026-05-31T18:05:04,0.0807,46,processed_and_deleted,Download completed. Metadata: C:\Users\linka\Dropbox\Projects\sec_data_pipeline\data\sec_rolling\batch_logs\batch_00023_download_metadata.json | Extraction completed. Manifest rows marked processed: 46. Extraction summary: C:\Users\linka\Dropbox\Projects\sec_data_pipeline\data\sec_rolling\batch_logs\batch_00023_extraction_summary.json | Raw batch folder deleted.
24,1150,1200,50,"CYD,CYH,CYN,CYRX,CYTK,CZFS,CZNC,CZR,CZWI,D,DAAQ,DAC,DAIO,DAKT,DAL,DAN,DAR,DARE,DASH,DAVE,DB,DBCA,DBD,DBGI,DBI,DBRG,DBRG$H,DBRG$I,DBRG$J,DBX,DCBO,DCH,DCI,DCO,DCOM,DCOY,DCTH,DCX,DD,DDD,DDOG,DDS,DE,DEA,DEC,DECK,DEI,DELL,DEO,DERM",C:\Users\linka\Dropbox\Projects\sec_data_pipeline\sec_filings_rolling_tmp\batch_00024,2026-05-31T18:05:04,2026-05-31T18:06:44,0.0987,43,processed_and_deleted,Download completed. Metadata: C:\Users\linka\Dropbox\Projects\sec_data_pipeline\data\sec_rolling\batch_logs\batch_00024_download_metadata.json | Extraction completed. Manifest rows marked processed: 43. Extraction summary: C:\Users\linka\Dropbox\Projects\sec_data_pipeline\data\sec_rolling\batch_logs\batch_00024_extraction_summary.json | Raw batch folder deleted.
25,1200,1250,50,"DETX,DFDV,DFH,DFIN,DFLI,DFNS,DFSC,DFTX,DG,DGICA,DGICB,DGII,DGX,DGXX,DH,DHI,DHR,DHT,DHX,DIBS,DIN,DINO,DIOD,DIS,DJCO,DJT,DK,DKNG,DKS,DLB,DLHC,DLO,DLPN,DLTH,DLTR,DLX,DMAA,DMAC,DMII,DMRA,DMRC,DNA,DNLI,DNMX,DNOW,DNTH,DNUT,DOC,DOCN,DOCS",C:\Users\linka\Dropbox\Projects\sec_data_pipeline\sec_filings_rolling_tmp\batch_00025,2026-05-31T18:06:44,2026-05-31T18:08:08,0.0656,45,processed_and_deleted,Download completed. Metadata: C:\Users\linka\Dropbox\Projects\sec_data_pipeline\data\sec_rolling\batch_logs\batch_00025_download_metadata.json | Extraction completed. Manifest rows marked processed: 45. Extraction summary: C:\Users\linka\Dropbox\Projects\sec_data_pipeline\data\sec_rolling\batch_logs\batch_00025_extraction_summary.json | Raw batch folder deleted.
26,1250,1300,50,"DOCU,DOGZ,DOLE,DOMH,DOMO,DOO,DORM,DOUG,DOV,DOW,DOX,DPRO,DPZ,DRDB,DRH,DRI,DRIO,DRMA,DRS,DRTS,DRUG,DSAC,DSGN,DSGR,DSGX,DSP,DSWL,DSX,DSY,DT,DTB,DTCX,DTE,DTG,DTI,DTIL,DTK,DTM,DTST,DTW,DUK,DUKB,DUO,DUOL,DUOT,DV,DVA,DVN,DWSN,DWTX",C:\Users\linka\Dropbox\Projects\sec_data_pipeline\sec_filings_rolling_tmp\batch_00026,2026-05-31T18:08:08,2026-05-31T18:09:28,0.0529,34,processed_and_deleted,Download completed. Metadata: C:\Users\linka\Dropbox\Projects\sec_data_pipeline\data\sec_rolling\batch_logs\batch_00026_download_metadata.json | Extraction completed. Manifest rows marked processed: 34. Extraction summary: C:\Users\linka\Dropbox\Projects\sec_data_pipeline\data\sec_rolling\batch_logs\batch_00026_extraction_summary.json | Raw batch folder deleted.
27,1300,1350,50,"DX,DXC,DXCM,DXPE,DXST,DXYZ,DY,DYN,DYNC,DYOR,E,EA,EAF,EARN,EAT,EBAY,EBC,EBF,EBMT,EBON,EBS,ECBK,ECC,ECG,ECL,ECO,ECOR,ECPG,ECVT,ECX,ED,EDBL,EDHL,EDIT,EDRY,EDSA,EDTK,EDUC,EE,EEFT,EEIQ,EEX,EFC,EFOI,EFOR,EFSC,EFSI,EFTY,EFX,EFXT",C:\Users\linka\Dropbox\Projects\sec_data_pipeline\sec_filings_rolling_tmp\batch_00027,2026-05-31T18:09:28,2026-05-31T18:10:57,0.0724,37,failed,[WinError 32] The process cannot access the file because it is being used by another process: 'C:\\Users\\linka\\Dropbox\\Projects\\sec_data_pipeline\\sec_filings_rolling_tmp\\batch_00027'
28,1350,1400,50,"EG,EGAN,EGBN,EGHA,EGHT,EGO,EGP,EGY,EHAB,EHC,EHGO,EHLD,EHTH,EIC,EIG,EIKN,EIX,EL,ELAB,ELAN,ELDN,ELE,ELF,ELME,ELMT,ELOG,ELPW,ELS,ELSE,ELTK,ELTX,ELUT,ELV,ELVA,ELVN,ELWT,EMA,EMAT,EMBC,EMBJ,EME,EMIS,EML,EMN,EMPD,EMPG,EMR,ENB,ENGN,ENGS",C:\Users\linka\Dropbox\Projects\sec_data_pipeline\sec_filings_rolling_tmp\batch_00028,2026-05-31T18:10:57,2026-05-31T18:12:16,0.0569,37,processed_and_deleted,Download completed. Metadata: C:\Users\linka\Dropbox\Projects\sec_data_pipeline\data\sec_rolling\batch_logs\batch_00028_download_metadata.json | Extraction completed. Manifest rows marked processed: 37. Extraction summary: C:\Users\linka\Dropbox\Projects\sec_data_pipeline\data\sec_rolling\batch_logs\batch_00028_extraction_summary.json | Raw batch folder deleted.
29,1400,1450,50,"ENHA,ENLT,ENLV,ENOV,ENPH,ENR,ENS,ENSG,ENTA,ENTG,ENTX,ENVA,ENVB,ENVX,EOG,EOLS,EOSE,EPAC,EPAM,EPC,EPD,EPOW,EPR,EPR$E,EPRX,EPSM,EPSN,EQ,EQBK,EQH,EQIX,EQNR,EQPT,EQR,EQS,EQT,ERAS,ERIE,ERII,ERO,ES,ESAB,ESCA,ESE,ESEA,ESI,ESLT,ESNT,ESOA,ESPR",C:\Users\linka\Dropbox\Projects\sec_data_pipeline\sec_filings_rolling_tmp\batch_00029,2026-05-31T18:12:16,2026-05-31T18:13:48,0.0815,40,processed_and_deleted,Download completed. Metadata: C:\Users\linka\Dropbox\Projects\sec_data_pipeline\data\sec_rolling\batch_logs\batch_00029_download_metadata.json | Extraction completed. Manifest rows marked processed: 40. Extraction summary: C:\Users\linka\Dropbox\Projects\sec_data_pipeline\data\sec_rolling\batch_logs\batch_00029_extraction_summary.json | Raw batch folder deleted.
30,1450,1500,50,"ESQ,ESTA,ESTC,ETD,ETN,ETO,ETON,ETOR,ETR,ETSY,EU,EVAC,EVC,EVCM,EVER,EVEX,EVGO,EVH,EVLV,EVMN,EVOX,EVR,EVRG,EVTC,EVTL,EW,EWBC,EWTX,EXC,EXE,EXEL,EXK,EXLS,EXOZ,EXP,EXPD,EXPE,EXPO,EXR,EXTR,EYE,EYPT,EZGO,EZPW,F,FA,FABC,FACT,FAF,FAMI",C:\Users\linka\Dropbox\Projects\sec_data_pipeline\sec_filings_rolling_tmp\batch_00030,2026-05-31T18:13:48,2026-05-31T18:15:36,0.0992,47,processed_and_deleted,Download completed. Metadata: C:\Users\linka\Dropbox\Projects\sec_data_pipeline\data\sec_rolling\batch_logs\batch_00030_download_metadata.json | Extraction completed. Manifest rows marked processed: 47. Extraction summary: C:\Users\linka\Dropbox\Projects\sec_data_pipeline\data\sec_rolling\batch_logs\batch_00030_extraction_summary.json | Raw batch folder deleted.
31,1500,1550,50,"FANG,FAST,FATE,FATN,FBIN,FBIO,FBIZ,FBK,FBLA,FBLG,FBNC,FBP,FBRX,FBYD,FC,FCAP,FCBC,FCCO,FCEL,FCF,FCFS,FCHL,FCN,FCNCA,FCRS,FCUV,FCX,FDBC,FDMT,FDP,FDS,FDSB,FDX,FE,FEAM,FEBO,FEED,FEIM,FELE,FENC,FER,FERA,FERG,FET,FF,FFBC,FFIC,FFIN,FFIV,FG",C:\Users\linka\Dropbox\Projects\sec_data_pipeline\sec_filings_rolling_tmp\batch_00031,2026-05-31T18:15:36,2026-05-31T18:17:34,0.1229,47,processed_and_deleted,Download completed. Metadata: C:\Users\linka\Dropbox\Projects\sec_data_pipeline\data\sec_rolling\batch_logs\batch_00031_download_metadata.json | Extraction completed. Manifest rows marked processed: 47. Extraction summary: C:\Users\linka\Dropbox\Projects\sec_data_pipeline\data\sec_rolling\batch_logs\batch_00031_extraction_summary.json | Raw batch folder deleted.
32,1550,1600,50,"FGBI,FGI,FGII,FGL,FGMC,FGNX,FHB,FHI,FHN,FHTX,FIBK,FICO,FIEE,FIG,FIGR,FIGS,FIGX,FINW,FIP,FIS,FISI,FISV,FITB,FIVE,FIVN,FIX,FIZZ,FKWL,FLD,FLEX,FLG,FLGT,FLL,FLNA,FLNC,FLNG,FLNT,FLO,FLOC,FLR,FLS,FLUT,FLUX,FLWS,FLXS,FLY,FLYW,FMAO,FMBH,FMC",C:\Users\linka\Dropbox\Projects\sec_data_pipeline\sec_filings_rolling_tmp\batch_00032,2026-05-31T18:17:34,2026-05-31T18:19:28,0.1163,49,failed,[WinError 32] The process cannot access the file because it is being used by another process: 'C:\\Users\\linka\\Dropbox\\Projects\\sec_data_pipeline\\sec_filings_rolling_tmp\\batch_00032'
33,1600,1650,50,"FMNB,FMST,FMX,FN,FNB,FND,FNF,FNGR,FNKO,FNLC,FNRN,FNUC,FNV,FNWB,FNWD,FOA,FOFO,FONR,FOR,FORA,FORM,FORR,FOSL,FOUR,FOX,FOXA,FOXF,FOXX,FPH,FPI,FPS,FRAF,FRBA,FRD,FRGT,FRHC,FRME,FRMI,FRMM,FRO,FROG,FRPH,FRPT,FRSH,FRST,FSBC,FSBW,FSCO,FSEA,FSK",C:\Users\linka\Dropbox\Projects\sec_data_pipeline\sec_filings_rolling_tmp\batch_00033,2026-05-31T18:19:28,2026-05-31T18:21:12,0.1071,40,failed,[WinError 32] The process cannot access the file because it is being used by another process: 'C:\\Users\\linka\\Dropbox\\Projects\\sec_data_pipeline\\sec_filings_rolling_tmp\\batch_00033'
34,1650,1700,50,"FSLR,FSLY,FSM,FSS,FSTR,FSUN,FSV,FTAI,FTCI,FTDR,FTEK,FTFT,FTI,FTK,FTLF,FTNT,FTRE,FTS,FTV,FTW,FUBO,FUFU,FUL,FULC,FULT,FUN,FUNC,FUSB,FVAV,FVCB,FVN,FVR,FVRR,FWDI,FWONA,FWONK,FWRD,FWRG,FXNC,G,GABC,GAIA,GAIN,GALT,GAM,GAMB,GANX,GAP,GASS,GATX",C:\Users\linka\Dropbox\Projects\sec_data_pipeline\sec_filings_rolling_tmp\batch_00034,2026-05-31T18:21:12,2026-05-31T18:22:47,0.0748,42,processed_and_deleted,Download completed. Metadata: C:\Users\linka\Dropbox\Projects\sec_data_pipeline\data\sec_rolling\batch_logs\batch_00034_download_metadata.json | Extraction completed. Manifest rows marked processed: 42. Extraction summary: C:\Users\linka\Dropbox\Projects\sec_data_pipeline\data\sec_rolling\batch_logs\batch_00034_extraction_summary.json | Raw batch folder deleted.
35,1700,1750,50,"GBCI,GBFH,GBLI,GBTG,GBX,GCBC,GCMG,GCO,GCT,GCTK,GCTS,GD,GDC,GDDY,GDEV,GDHG,GDOT,GDRX,GDTC,GDYN,GE,GEF,GEF-B,GEG,GEHC,GEMI,GEN,GENB,GENI,GENK,GEO,GEOS,GERN,GETY,GEV,GEVO,GFF,GFL,GFR,GFS,GGB,GGG,GGR,GH,GHC,GHM,GHRS,GIB,GIBO,GIC",C:\Users\linka\Dropbox\Projects\sec_data_pipeline\sec_filings_rolling_tmp\batch_00035,2026-05-31T18:22:47,2026-05-31T18:24:09,0.0732,37,processed_and_deleted,Download completed. Metadata: C:\Users\linka\Dropbox\Projects\sec_data_pipeline\data\sec_rolling\batch_logs\batch_00035_download_metadata.json | Extraction completed. Manifest rows marked processed: 37. Extraction summary: C:\Users\linka\Dropbox\Projects\sec_data_pipeline\data\sec_rolling\batch_logs\batch_00035_extraction_summary.json | Raw batch folder deleted.
36,1750,1800,50,"GIFT,GIG,GIGM,GIII,GIL,GILD,GILT,GIS,GIW,GIX,GJH,GKOS,GL,GL$D,GLBE,GLBS,GLED,GLIBA,GLIBK,GLND,GLNG,GLOB,GLOO,GLPI,GLRE,GLUE,GLW,GLXG,GLXY,GM,GME,GMED,GMEX,GMHS,GMM,GNE,GNK,GNL,GNLN,GNLX,GNPX,GNRC,GNSS,GNTX,GNW,GO,GOAI,GOGO,GOLD,GOLF",C:\Users\linka\Dropbox\Projects\sec_data_pipeline\sec_filings_rolling_tmp\batch_00036,2026-05-31T18:24:09,2026-05-31T18:25:34,0.0781,37,processed_and_deleted,Download completed. Metadata: C:\Users\linka\Dropbox\Projects\sec_data_pipeline\data\sec_rolling\batch_logs\batch_00036_download_metadata.json | Extraction completed. Manifest rows marked processed: 37. Extraction summary: C:\Users\linka\Dropbox\Projects\sec_data_pipeline\data\sec_rolling\batch_logs\batch_00036_extraction_summary.json | Raw batch folder deleted.
37,1800,1850,50,"GOOG,GOOGL,GOOS,GOVX,GP,GPAC,GPAT,GPC,GPGI,GPI,GPK,GPN,GPOR,GPRE,GPRK,GPRO,GRAB,GRAL,GRAN,GRBK,GRC,GRCE,GRDN,GRDX,GRI,GRMN,GRND,GRNQ,GRNT,GROV,GROW,GRPN,GRRR,GRWG,GS,GS$D,GSAT,GSBC,GSBD,GSHD,GSHR,GSIT,GSIW,GSL,GSM,GSRF,GT,GTEN,GTERA,GTES",C:\Users\linka\Dropbox\Projects\sec_data_pipeline\sec_filings_rolling_tmp\batch_00037,2026-05-31T18:25:34,2026-05-31T18:27:29,0.0633,37,processed_and_deleted,Download completed. Metadata: C:\Users\linka\Dropbox\Projects\sec_data_pipeline\data\sec_rolling\batch_logs\batch_00037_download_metadata.json | Extraction completed. Manifest rows marked processed: 37. Extraction summary: C:\Users\linka\Dropbox\Projects\sec_data_pipeline\data\sec_rolling\batch_logs\batch_00037_extraction_summary.json | Raw batch folder deleted.
38,1850,1900,50,"GTIM,GTLB,GTLS,GTM,GTN,GTN-A,GTX,GTY,GVA,GVH,GWH,GWRE,GWRS,GWW,GXAI,GXO,GYRE,GYRO,H,HACQ,HAE,HAFC,HAFN,HAL,HALO,HAO,HAS,HASI,HAVA,HAWK,HAYW,HBAN,HBB,HBCP,HBIO,HBM,HBNB,HBNC,HBT,HCA,HCAC,HCAI,HCAT,HCC,HCI,HCIC,HCKT,HCMA,HCSG,HCTI",C:\Users\linka\Dropbox\Projects\sec_data_pipeline\sec_filings_rolling_tmp\batch_00038,2026-05-31T18:27:29,2026-05-31T18:29:01,0.0767,42,processed_and_deleted,Download completed. Metadata: C:\Users\linka\Dropbox\Projects\sec_data_pipeline\data\sec_rolling\batch_logs\batch_00038_download_metadata.json | Extraction completed. Manifest rows marked processed: 42. Extraction summary: C:\Users\linka\Dropbox\Projects\sec_data_pipeline\data\sec_rolling\batch_logs\batch_00038_extraction_summary.json | Raw batch folder deleted.
39,1900,1950,50,"HD,HDB,HDSN,HE,HEI,HEI-A,HELE,HELP,HESM,HFBL,HFFG,HFWA,HG,HGBL,HGTY,HGV,HHH,HHS,HIFS,HIG,HII,HIMS,HIND,HIPO,HIT,HITI,HIVE,HIW,HKIT,HL,HLF,HLI,HLIO,HLIT,HLLY,HLMN,HLNE,HLP,HLT,HLX,HLXC,HMC,HMH,HMN,HMY,HNGE,HNI,HNNA,HNRG,HNST",C:\Users\linka\Dropbox\Projects\sec_data_pipeline\sec_filings_rolling_tmp\batch_00039,2026-05-31T18:29:01,2026-05-31T18:30:34,0.0777,44,processed_and_deleted,Download completed. Metadata: C:\Users\linka\Dropbox\Projects\sec_data_pipeline\data\sec_rolling\batch_logs\batch_00039_download_metadata.json | Extraction completed. Manifest rows marked processed: 44. Extraction summary: C:\Users\linka\Dropbox\Projects\sec_data_pipeline\data\sec_rolling\batch_logs\batch_00039_extraction_summary.json | Raw batch folder deleted.
40,1950,2000,50,"HNVR,HOFT,HOG,HOLO,HOMB,HON,HOOD,HOPE,HOUR,HOV,HOVR,HP,HPAI,HPE,HPK,HPP,HPQ,HQ,HQH,HQI,HQL,HQY,HRB,HRI,HRL,HRMY,HROW,HRTG,HRTX,HRZN,HSBC,HSCS,HSDT,HSHP,HSIC,HSPT,HST,HSTM,HSY,HTB,HTCO,HTCR,HTFL,HTGC,HTH,HTLD,HTLM,HTO,HTOO,HTZ",C:\Users\linka\Dropbox\Projects\sec_data_pipeline\sec_filings_rolling_tmp\batch_00040,2026-05-31T18:30:34,2026-05-31T18:32:24,0.0911,43,failed,[WinError 32] The process cannot access the file because it is being used by another process: 'C:\\Users\\linka\\Dropbox\\Projects\\sec_data_pipeline\\sec_filings_rolling_tmp\\batch_00040'
41,2000,2050,50,"HUBB,HUBS,HUDI,HUHU,HUM,HUN,HURA,HURC,HURN,HUT,HVII,HVMC,HVT,HVT-A,HWBK,HWC,HWH,HWKN,HWM,HXL,HY,HYFT,HYMC,HYNE,HYPD,HYPR,HZO,IAC,IACO,IAG,IART,IBAC,IBCP,IBEX,IBG,IBIO,IBKR,IBM,IBN,IBOC,IBP,IBRX,IBTA,ICCC,ICE,ICFI,ICHR,ICL,ICLR,ICMB",C:\Users\linka\Dropbox\Projects\sec_data_pipeline\sec_filings_rolling_tmp\batch_00041,2026-05-31T18:32:24,2026-05-31T18:33:57,0.0798,41,processed_and_deleted,Download completed. Metadata: C:\Users\linka\Dropbox\Projects\sec_data_pipeline\data\sec_rolling\batch_logs\batch_00041_download_metadata.json | Extraction completed. Manifest rows marked processed: 41. Extraction summary: C:\Users\linka\Dropbox\Projects\sec_data_pipeline\data\sec_rolling\batch_logs\batch_00041_extraction_summary.json | Raw batch folder deleted.
42,2050,2100,50,"ICON,ICU,ICUI,IDA,IDAI,IDCC,IDN,IDT,IDXX,IDYA,IEAG,IESC,IEX,IFBD,IFF,IFRX,IFS,IGAC,IGIC,IHRT,IHS,III,IIIN,IIIV,IIPR,IKT,ILAG,ILLU,ILMN,IMA,IMAX,IMDX,IMKTA,IMMX,IMNM,IMNN,IMPP,IMRX,IMSR,IMTX,IMUX,IMVT,IMXI,INAB,INAC,INBK,INBS,INBX,INCY,INDB",C:\Users\linka\Dropbox\Projects\sec_data_pipeline\sec_filings_rolling_tmp\batch_00042,2026-05-31T18:33:57,2026-05-31T18:35:16,0.0553,41,processed_and_deleted,Download completed. Metadata: C:\Users\linka\Dropbox\Projects\sec_data_pipeline\data\sec_rolling\batch_logs\batch_00042_download_metadata.json | Extraction completed. Manifest rows marked processed: 41. Extraction summary: C:\Users\linka\Dropbox\Projects\sec_data_pipeline\data\sec_rolling\batch_logs\batch_00042_extraction_summary.json | Raw batch folder deleted.
43,2100,2150,50,"INDI,INDP,INDV,INFQ,ING,INGM,INGN,INGR,INHD,INKT,INLF,INMB,INMD,INN,INNV,INO,INOD,INR,INSE,INSG,INSM,INSP,INSW,INTA,INTC,INTG,INTJ,INTR,INTS,INTU,INTZ,INVA,INVE,INVH,INVX,IONQ,IONS,IOSP,IOT,IOTR,IOVA,IP,IPAR,IPCX,IPDN,IPEX,IPGP,IPI,IPM,IPOD",C:\Users\linka\Dropbox\Projects\sec_data_pipeline\sec_filings_rolling_tmp\batch_00043,2026-05-31T18:35:16,2026-05-31T18:36:43,0.059,45,processed_and_deleted,Download completed. Metadata: C:\Users\linka\Dropbox\Projects\sec_data_pipeline\data\sec_rolling\batch_logs\batch_00043_download_metadata.json | Extraction completed. Manifest rows marked processed: 45. Extraction summary: C:\Users\linka\Dropbox\Projects\sec_data_pipeline\data\sec_rolling\batch_logs\batch_00043_extraction_summary.json | Raw batch folder deleted.
44,2150,2200,50,"IPSC,IPST,IPW,IPWR,IQST,IQV,IR,IRAB,IRD,IRDM,IREN,IRHO,IRIX,IRM,IRMD,IRON,IRTC,IRWD,ISBA,ISPR,ISRG,ISSC,ISTR,IT,ITGR,ITHA,ITIC,ITRI,ITRN,ITT,ITW,IVR,IVT,IVVD,IVZ,IXHL,IZEA,J,JACK,JACS,JAKK,JAN,JANX,JATT,JAZZ,JBGS,JBHT,JBI,JBIO,JBK",C:\Users\linka\Dropbox\Projects\sec_data_pipeline\sec_filings_rolling_tmp\batch_00044,2026-05-31T18:36:43,2026-05-31T18:38:22,0.0687,51,processed_and_deleted,Download completed. Metadata: C:\Users\linka\Dropbox\Projects\sec_data_pipeline\data\sec_rolling\batch_logs\batch_00044_download_metadata.json | Extraction completed. Manifest rows marked processed: 51. Extraction summary: C:\Users\linka\Dropbox\Projects\sec_data_pipeline\data\sec_rolling\batch_logs\batch_00044_extraction_summary.json | Raw batch folder deleted.
45,2200,2250,50,"JBL,JBLU,JBS,JBSS,JBTM,JCAP,JCI,JCSE,JCTC,JDZG,JEF,JELD,JEM,JENA,JFB,JHG,JHX,JILL,JJSF,JKHY,JL,JLHL,JLL,JMSB,JNJ,JOBY,JOE,JOUT,JPM,JRSH,JRVR,JSPR,JTAI,JVA,JWEL,JXG,JXN,JYD,JYNT,JZXN,KAI,KALU,KALV,KARO,KB,KBDC,KBH,KBON,KBR,KBSX",C:\Users\linka\Dropbox\Projects\sec_data_pipeline\sec_filings_rolling_tmp\batch_00045,2026-05-31T18:38:22,2026-05-31T18:40:28,0.0929,39,processed_and_deleted,Download completed. Metadata: C:\Users\linka\Dropbox\Projects\sec_data_pipeline\data\sec_rolling\batch_logs\batch_00045_download_metadata.json | Extraction completed. Manifest rows marked processed: 39. Extraction summary: C:\Users\linka\Dropbox\Projects\sec_data_pipeline\data\sec_rolling\batch_logs\batch_00045_extraction_summary.json | Raw batch folder deleted.
46,2250,2300,50,"KCHV,KD,KDK,KDP,KE,KEEL,KELYA,KELYB,KEN,KEP,KEQU,KEX,KEY,KEYS,KFFB,KFII,KFRC,KFS,KFY,KG,KGC,KGEI,KGS,KHC,KIDS,KIDZ,KIM,KINS,KKR,KLAC,KLAR,KLC,KLIC,KLRA,KLRS,KLTR,KLXE,KMB,KMDA,KMI,KMPB,KMPR,KMRK,KMT,KMTS,KMX,KN,KNDI,KNF,KNSA",C:\Users\linka\Dropbox\Projects\sec_data_pipeline\sec_filings_rolling_tmp\batch_00046,2026-05-31T18:40:28,2026-05-31T18:42:06,0.0848,42,processed_and_deleted,Download completed. Metadata: C:\Users\linka\Dropbox\Projects\sec_data_pipeline\data\sec_rolling\batch_logs\batch_00046_download_metadata.json | Extraction completed. Manifest rows marked processed: 42. Extraction summary: C:\Users\linka\Dropbox\Projects\sec_data_pipeline\data\sec_rolling\batch_logs\batch_00046_extraction_summary.json | Raw batch folder deleted.
47,2300,2350,50,"KNSL,KNTK,KNX,KO,KOD,KODK,KOP,KOPN,KORE,KOS,KOSS,KOYN,KPLT,KPRX,KPTI,KR,KRAQ,KRC,KRMD,KRMN,KRNT,KRNY,KRO,KROS,KRRO,KRSP,KRT,KRUS,KRYS,KSCP,KSS,KT,KTB,KTCC,KTOS,KTWO,KURA,KUST,KVAC,KVHI,KVUE,KVYO,KW,KWR,KXIN,KYIV,KYMR,KYTX,L,LABT",C:\Users\linka\Dropbox\Projects\sec_data_pipeline\sec_filings_rolling_tmp\batch_00047,2026-05-31T18:42:06,2026-05-31T18:43:40,0.0715,47,processed_and_deleted,Download completed. Metadata: C:\Users\linka\Dropbox\Projects\sec_data_pipeline\data\sec_rolling\batch_logs\batch_00047_download_metadata.json | Extraction completed. Manifest rows marked processed: 47. Extraction summary: C:\Users\linka\Dropbox\Projects\sec_data_pipeline\data\sec_rolling\batch_logs\batch_00047_extraction_summary.json | Raw batch folder deleted.
48,2350,2400,50,"LAC,LAD,LADR,LAES,LAFA,LAKE,LAMR,LAND,LANV,LAR,LARK,LASE,LASR,LATA,LAUR,LAW,LAZ,LB,LBGJ,LBRDA,LBRDK,LBRT,LBRX,LBTYA,LBTYB,LBTYK,LC,LCCC,LCFY,LCID,LCII,LCNB,LCUT,LDI,LDOS,LE,LEA,LECO,LEE,LEG,LEGH,LEN,LEN-B,LENZ,LEO,LEU,LEVI,LFAC,LFCR,LFMD",C:\Users\linka\Dropbox\Projects\sec_data_pipeline\sec_filings_rolling_tmp\batch_00048,2026-05-31T18:43:40,2026-05-31T18:45:12,0.0645,40,processed_and_deleted,Download completed. Metadata: C:\Users\linka\Dropbox\Projects\sec_data_pipeline\data\sec_rolling\batch_logs\batch_00048_download_metadata.json | Extraction completed. Manifest rows marked processed: 40. Extraction summary: C:\Users\linka\Dropbox\Projects\sec_data_pipeline\data\sec_rolling\batch_logs\batch_00048_extraction_summary.json | Raw batch folder deleted.
49,2400,2450,50,"LFST,LFUS,LFVN,LFWD,LGCB,LGCL,LGIH,LGN,LGND,LGO,LH,LHAI,LHX,LICN,LIDR,LIEN,LIF,LIFE,LII,LILA,LILAK,LIN,LINC,LIND,LINE,LINK,LION,LIQT,LITE,LITS,LIVE,LIVN,LIXT,LKFN,LKQ,LKSP,LLY,LLYVA,LLYVK,LMAT,LMB,LMND,LMNR,LMRI,LMT,LNC,LNG,LNKS,LNN,LNSR",C:\Users\linka\Dropbox\Projects\sec_data_pipeline\sec_filings_rolling_tmp\batch_00049,2026-05-31T18:45:12,2026-05-31T18:46:48,0.0787,44,processed_and_deleted,Download completed. Metadata: C:\Users\linka\Dropbox\Projects\sec_data_pipeline\data\sec_rolling\batch_logs\batch_00049_download_metadata.json | Extraction completed. Manifest rows marked processed: 44. Extraction summary: C:\Users\linka\Dropbox\Projects\sec_data_pipeline\data\sec_rolling\batch_logs\batch_00049_extraction_summary.json | Raw batch folder deleted.
50,2450,2500,50,"LNT,LNTH,LNZA,LOAN,LOAR,LOB,LOCL,LOCO,LOGI,LOKV,LONA,LOOP,LOPE,LOVE,LOW,LPAA,LPBB,LPCN,LPCV,LPG,LPLA,LPRO,LPSN,LPTH,LPX,LQDA,LQDT,LRCX,LRMR,LRN,LSAK,LSBK,LSCC,LSE,LSPD,LSTA,LSTR,LTBR,LTC,LTH,LTRN,LTRX,LUCD,LUCK,LUCY,LULU,LUMN,LUNG,LUNR,LUV",C:\Users\linka\Dropbox\Projects\sec_data_pipeline\sec_filings_rolling_tmp\batch_00050,2026-05-31T18:46:48,2026-05-31T18:48:37,0.0785,50,failed,[WinError 32] The process cannot access the file because it is being used by another process: 'C:\\Users\\linka\\Dropbox\\Projects\\sec_data_pipeline\\sec_filings_rolling_tmp\\batch_00050'
51,2500,2550,50,"LVLU,LVS,LVWR,LW,LWAC,LWAY,LWLG,LXEO,LXFR,LXRX,LXU,LYB,LYEL,LYFT,LYTS,LYV,LZ,LZB,LZM,LZMH,M,MA,MAA,MAAS,MAC,MACI,MAGH,MAGN,MAIN,MAIR,MAKO,MAMA,MAMK,MAMO,MAN,MANE,MANH,MANU,MAR,MARA,MAS,MASI,MASK,MASS,MAT,MATH,MATV,MATW,MATX,MAX",C:\Users\linka\Dropbox\Projects\sec_data_pipeline\sec_filings_rolling_tmp\batch_00051,2026-05-31T18:48:37,2026-05-31T18:50:22,0.0684,42,processed_and_deleted,Download completed. Metadata: C:\Users\linka\Dropbox\Projects\sec_data_pipeline\data\sec_rolling\batch_logs\batch_00051_download_metadata.json | Extraction completed. Manifest rows marked processed: 42. Extraction summary: C:\Users\linka\Dropbox\Projects\sec_data_pipeline\data\sec_rolling\batch_logs\batch_00051_extraction_summary.json | Raw batch folder deleted.
52,2550,2600,50,"MAYS,MAZE,MB,MBAI,MBAV,MBBC,MBC,MBI,MBIN,MBLY,MBOT,MBRX,MBUU,MBVI,MBWM,MBX,MC,MCB,MCBS,MCD,MCFT,MCGA,MCHB,MCHP,MCHX,MCI,MCK,MCO,MCRB,MCRI,MCS,MCTA,MCW,MCY,MD,MDA,MDAI,MDB,MDBH,MDGL,MDLN,MDLZ,MDRR,MDT,MDU,MDV,MDWD,MDXG,MDXH,MEC",C:\Users\linka\Dropbox\Projects\sec_data_pipeline\sec_filings_rolling_tmp\batch_00052,2026-05-31T18:50:22,2026-05-31T18:52:12,0.085,44,processed_and_deleted,Download completed. Metadata: C:\Users\linka\Dropbox\Projects\sec_data_pipeline\data\sec_rolling\batch_logs\batch_00052_download_metadata.json | Extraction completed. Manifest rows marked processed: 44. Extraction summary: C:\Users\linka\Dropbox\Projects\sec_data_pipeline\data\sec_rolling\batch_logs\batch_00052_extraction_summary.json | Raw batch folder deleted.
53,2600,2650,50,"MED,MEDP,MEGL,MEI,MELI,MENS,MEOH,MERC,MESH,MET,META,METC,METCB,MEVO,MFA,MFC,MFI,MFIN,MG,MGA,MGEE,MGIH,MGM,MGN,MGNI,MGNX,MGPI,MGRC,MGRT,MGTX,MGX,MGY,MGYR,MH,MHK,MHO,MIAX,MICC,MIDD,MIND,MIR,MIRA,MIRM,MIST,MITK,MKC,MKC-V,MKDW,MKL,MKLY",C:\Users\linka\Dropbox\Projects\sec_data_pipeline\sec_filings_rolling_tmp\batch_00053,2026-05-31T18:52:12,2026-05-31T18:53:48,0.0666,37,failed,[WinError 32] The process cannot access the file because it is being used by another process: 'C:\\Users\\linka\\Dropbox\\Projects\\sec_data_pipeline\\sec_filings_rolling_tmp\\batch_00053'
54,2650,2700,50,"MKSI,MKTW,MKTX,MKZR,MLAA,MLAB,MLAC,MLCI,MLGO,MLI,MLKN,MLM,MLP,MLR,MLTX,MLYS,MMED,MMI,MMM,MMS,MMSI,MMTX,MMYT,MNDO,MNDR,MNDY,MNKD,MNOV,MNPR,MNRO,MNSB,MNST,MNTK,MNTN,MNTS,MNY,MO,MOB,MOBI,MOBX,MOD,MODD,MOG-A,MOG-B,MOH,MORN,MOS,MOV,MOVE,MP",C:\Users\linka\Dropbox\Projects\sec_data_pipeline\sec_filings_rolling_tmp\batch_00054,2026-05-31T18:53:48,2026-05-31T18:55:34,0.0765,41,processed_and_deleted,Download completed. Metadata: C:\Users\linka\Dropbox\Projects\sec_data_pipeline\data\sec_rolling\batch_logs\batch_00054_download_metadata.json | Extraction completed. Manifest rows marked processed: 41. Extraction summary: C:\Users\linka\Dropbox\Projects\sec_data_pipeline\data\sec_rolling\batch_logs\batch_00054_extraction_summary.json | Raw batch folder deleted.
55,2700,2750,50,"MPAA,MPB,MPC,MPLT,MPV,MPWR,MPX,MQ,MRAM,MRBK,MRCY,MRDN,MRK,MRKR,MRLN,MRNA,MRP,MRSH,MRTN,MRVI,MRVL,MRX,MS,MS$A,MS$F,MSA,MSAI,MSBI,MSCI,MSEX,MSFT,MSGE,MSGM,MSGS,MSI,MSLE,MSM,MSS,MSTR,MSW,MT,MTAL,MTB,MTC,MTCH,MTD,MTDR,MTEK,MTEN,MTG",C:\Users\linka\Dropbox\Projects\sec_data_pipeline\sec_filings_rolling_tmp\batch_00055,2026-05-31T18:55:34,2026-05-31T18:57:41,0.0713,39,processed_and_deleted,Download completed. Metadata: C:\Users\linka\Dropbox\Projects\sec_data_pipeline\data\sec_rolling\batch_logs\batch_00055_download_metadata.json | Extraction completed. Manifest rows marked processed: 39. Extraction summary: C:\Users\linka\Dropbox\Projects\sec_data_pipeline\data\sec_rolling\batch_logs\batch_00055_extraction_summary.json | Raw batch folder deleted.
56,2750,2800,50,"MTH,MTN,MTRN,MTRX,MTSI,MTUS,MTVA,MTW,MTX,MTZ,MU,MUFG,MUR,MUSA,MUX,MUZE,MVBF,MVST,MWA,MWH,MX,MXL,MYE,MYFW,MYGN,MYRG,MYSE,MZTI,MZYX,NA,NABL,NAGE,NAII,NAMM,NAMS,NAT,NATH,NATL,NATR,NAUT,NAVI,NAVN,NB,NBBK,NBHC,NBIS,NBIX,NBN,NBR,NBRG",C:\Users\linka\Dropbox\Projects\sec_data_pipeline\sec_filings_rolling_tmp\batch_00056,2026-05-31T18:57:41,2026-05-31T18:59:26,0.0761,44,failed,[WinError 32] The process cannot access the file because it is being used by another process: 'C:\\Users\\linka\\Dropbox\\Projects\\sec_data_pipeline\\sec_filings_rolling_tmp\\batch_00056'
57,2800,2850,50,"NBTB,NBTX,NC,NCDL,NCEL,NCEW,NCI,NCLH,NCMI,NCNO,NCSM,NCT,NDAQ,NDLS,NDSN,NE,NECB,NEE,NEE$N,NEE$U,NEE$W,NEGG,NEM,NEO,NEOG,NEON,NEOV,NEPH,NERV,NESR,NET,NEU,NEUP,NEWT,NEXA,NEXM,NEXN,NEXR,NEXT,NFBK,NFG,NFLX,NGEN,NGNE,NGS,NGVC,NGVT,NHI,NHIC,NHP",C:\Users\linka\Dropbox\Projects\sec_data_pipeline\sec_filings_rolling_tmp\batch_00057,2026-05-31T18:59:26,2026-05-31T19:01:12,0.072,40,processed_and_deleted,Download completed. Metadata: C:\Users\linka\Dropbox\Projects\sec_data_pipeline\data\sec_rolling\batch_logs\batch_00057_download_metadata.json | Extraction completed. Manifest rows marked processed: 40. Extraction summary: C:\Users\linka\Dropbox\Projects\sec_data_pipeline\data\sec_rolling\batch_logs\batch_00057_extraction_summary.json | Raw batch folder deleted.
58,2850,2900,50,"NHTC,NI,NIC,NIQ,NIVF,NJR,NKE,NKSH,NKTR,NKTX,NL,NLOP,NLY,NLY$F,NMAX,NMFC,NMG,NMIH,NMP,NMRA,NMRK,NMTC,NN,NNBR,NNE,NNI,NNN,NNNN,NNOX,NOA,NOC,NODK,NOEM,NOG,NOMA,NOMD,NOV,NOVT,NOW,NP,NPAC,NPB,NPCE,NPK,NPKI,NPO,NPT,NPWR,NRC,NRDS",C:\Users\linka\Dropbox\Projects\sec_data_pipeline\sec_filings_rolling_tmp\batch_00058,2026-05-31T19:01:12,2026-05-31T19:03:05,0.0742,42,processed_and_deleted,Download completed. Metadata: C:\Users\linka\Dropbox\Projects\sec_data_pipeline\data\sec_rolling\batch_logs\batch_00058_download_metadata.json | Extraction completed. Manifest rows marked processed: 42. Extraction summary: C:\Users\linka\Dropbox\Projects\sec_data_pipeline\data\sec_rolling\batch_logs\batch_00058_extraction_summary.json | Raw batch folder deleted.
59,2900,2950,50,"NRDY,NREF,NRG,NRGV,NRIM,NRIX,NRP,NRXP,NSC,NSIT,NSP,NSPR,NSSC,NSTS,NSYS,NTAP,NTB,NTCT,NTGR,NTHI,NTIC,NTLA,NTNX,NTR,NTRA,NTRB,NTRP,NTSK,NTST,NTWK,NTWO,NTZ,NU,NUAI,NUCL,NUE,NUS,NUTR,NUTX,NUVB,NUVL,NUWE,NVAX,NVCR,NVCT,NVDA,NVEC,NVGS,NVMI,NVNO",C:\Users\linka\Dropbox\Projects\sec_data_pipeline\sec_filings_rolling_tmp\batch_00059,2026-05-31T19:03:05,2026-05-31T19:04:54,0.0809,45,processed_and_deleted,Download completed. Metadata: C:\Users\linka\Dropbox\Projects\sec_data_pipeline\data\sec_rolling\batch_logs\batch_00059_download_metadata.json | Extraction completed. Manifest rows marked processed: 45. Extraction summary: C:\Users\linka\Dropbox\Projects\sec_data_pipeline\data\sec_rolling\batch_logs\batch_00059_extraction_summary.json | Raw batch folder deleted.
60,2950,3000,50,"NVO,NVR,NVRI,NVS,NVST,NVT,NVTS,NWAX,NWBI,NWE,NWFL,NWL,NWN,NWPX,NWS,NWSA,NX,NXDR,NXE,NXP,NXPI,NXPL,NXST,NXT,NXTC,NXTS,NXTT,NYAX,NYC,NYT,NYXH,O,OABI,OACC,OBA,OBDC,OBIO,OBK,OBT,OC,OCC,OCFC,OCG,OCGN,OCS,OCUL,ODC,ODD,ODFL,ODTX",C:\Users\linka\Dropbox\Projects\sec_data_pipeline\sec_filings_rolling_tmp\batch_00060,2026-05-31T19:04:54,2026-05-31T19:06:44,0.0692,39,processed_and_deleted,Download completed. Metadata: C:\Users\linka\Dropbox\Projects\sec_data_pipeline\data\sec_rolling\batch_logs\batch_00060_download_metadata.json | Extraction completed. Manifest rows marked processed: 39. Extraction summary: C:\Users\linka\Dropbox\Projects\sec_data_pipeline\data\sec_rolling\batch_logs\batch_00060_extraction_summary.json | Raw batch folder deleted.
61,3000,3050,50,"ODV,ODYS,OEC,OESX,OFG,OFIX,OFLX,OFRM,OGC,OGE,OGI,OGN,OGS,OHI,OI,OII,OIM,OIO,OIS,OKE,OKLO,OKTA,OKUR,OKYO,OLED,OLLI,OLMA,OLN,OLP,OLPX,OM,OMC,OMCL,OMDA,OMER,OMEX,OMF,OMH,OMSE,ON,ONB,ONCH,ONCO,ONCY,ONDS,ONEG,ONEW,ONFO,ONIT,ONL",C:\Users\linka\Dropbox\Projects\sec_data_pipeline\sec_filings_rolling_tmp\batch_00061,2026-05-31T19:06:44,2026-05-31T19:08:25,0.0667,42,processed_and_deleted,Download completed. Metadata: C:\Users\linka\Dropbox\Projects\sec_data_pipeline\data\sec_rolling\batch_logs\batch_00061_download_metadata.json | Extraction completed. Manifest rows marked processed: 42. Extraction summary: C:\Users\linka\Dropbox\Projects\sec_data_pipeline\data\sec_rolling\batch_logs\batch_00061_extraction_summary.json | Raw batch folder deleted.
62,3050,3100,50,"ONON,ONT,ONTO,OOMA,OPAD,OPAL,OPBK,OPCH,OPEN,OPFI,OPK,OPLN,OPRT,OPRX,OPTU,OPTX,OPXS,OPY,OR,ORA,ORBS,ORC,ORCL,ORGN,ORGO,ORI,ORIC,ORIO,ORIQ,ORKA,ORKT,ORLY,ORMP,ORN,ORRF,OSBC,OSCR,OSG,OSIS,OSK,OSPN,OSS,OST,OSUR,OSW,OTEX,OTF,OTGA,OTIS,OTTR",C:\Users\linka\Dropbox\Projects\sec_data_pipeline\sec_filings_rolling_tmp\batch_00062,2026-05-31T19:08:25,2026-05-31T19:10:19,0.095,46,processed_and_deleted,Download completed. Metadata: C:\Users\linka\Dropbox\Projects\sec_data_pipeline\data\sec_rolling\batch_logs\batch_00062_download_metadata.json | Extraction completed. Manifest rows marked processed: 46. Extraction summary: C:\Users\linka\Dropbox\Projects\sec_data_pipeline\data\sec_rolling\batch_logs\batch_00062_extraction_summary.json | Raw batch folder deleted.
63,3100,3150,50,"OUST,OUT,OVBC,OVID,OVLY,OVV,OWL,OWLS,OWLT,OXBR,OXM,OXY,OYSE,OZK,P,PAAC,PAAS,PAC,PACB,PACH,PACK,PACS,PAG,PAGP,PAGS,PAHC,PAII,PAL,PALI,PALO,PAM,PAMT,PANL,PANW,PAR,PARK,PARR,PASG,PATH,PATK,PAVM,PAVS,PAX,PAY,PAYC,PAYO,PAYS,PAYX,PB,PBA",C:\Users\linka\Dropbox\Projects\sec_data_pipeline\sec_filings_rolling_tmp\batch_00063,2026-05-31T19:10:19,2026-05-31T19:11:56,0.0676,41,processed_and_deleted,Download completed. Metadata: C:\Users\linka\Dropbox\Projects\sec_data_pipeline\data\sec_rolling\batch_logs\batch_00063_download_metadata.json | Extraction completed. Manifest rows marked processed: 41. Extraction summary: C:\Users\linka\Dropbox\Projects\sec_data_pipeline\data\sec_rolling\batch_logs\batch_00063_extraction_summary.json | Raw batch folder deleted.
64,3150,3200,50,"PBF,PBFS,PBH,PBHC,PBI,PBM,PBYI,PC,PCAP,PCAR,PCB,PCG,PCOR,PCRX,PCSA,PCSC,PCT,PCTY,PCVX,PCYO,PD,PDCC,PDEX,PDFS,PDLB,PDS,PDYN,PEBK,PEBO,PECO,PEG,PEGA,PEN,PENG,PENN,PEP,PEPG,PERF,PERI,PESI,PETS,PETZ,PEW,PFAI,PFE,PFG,PFGC,PFIS,PFLT,PFS",C:\Users\linka\Dropbox\Projects\sec_data_pipeline\sec_filings_rolling_tmp\batch_00064,2026-05-31T19:11:56,2026-05-31T19:14:08,0.1306,41,failed,[WinError 32] The process cannot access the file because it is being used by another process: 'C:\\Users\\linka\\Dropbox\\Projects\\sec_data_pipeline\\sec_filings_rolling_tmp\\batch_00064'
65,3200,3250,50,"PFSI,PFX,PG,PGAC,PGC,PGEN,PGNY,PGR,PGY,PH,PHAT,PHG,PHIN,PHIO,PHM,PHOE,PHR,PHUN,PHVS,PI,PICS,PII,PINS,PIPR,PJT,PK,PKBK,PKE,PKG,PKOH,PL,PLAB,PLAY,PLBC,PLBL,PLCE,PLD,PLGO,PLMK,PLMR,PLNT,PLOW,PLPC,PLRX,PLRZ,PLSE,PLSM,PLTK,PLTR,PLTS",C:\Users\linka\Dropbox\Projects\sec_data_pipeline\sec_filings_rolling_tmp\batch_00065,2026-05-31T19:14:08,2026-05-31T19:16:03,0.0812,42,failed,[WinError 32] The process cannot access the file because it is being used by another process: 'C:\\Users\\linka\\Dropbox\\Projects\\sec_data_pipeline\\sec_filings_rolling_tmp\\batch_00065'
66,3250,3300,50,"PLUG,PLUR,PLUS,PLUT,PLXS,PLYX,PM,PMAX,PMN,PMTR,PMTS,PMVP,PN,PNBK,PNC,PNFP,PNNT,PNR,PNRG,PNTG,PNW,POCI,PODC,PODD,POET,POLE,PONO,POOL,POR,POST,POWI,POWL,POWW,PPC,PPG,PPHC,PPIH,PPL,PPSI,PPTA,PR,PRA,PRAA,PRAX,PRCH,PRCT,PRDO,PRE,PRFX,PRG",C:\Users\linka\Dropbox\Projects\sec_data_pipeline\sec_filings_rolling_tmp\batch_00066,2026-05-31T19:16:03,2026-05-31T19:18:03,0.0878,43,processed_and_deleted,Download completed. Metadata: C:\Users\linka\Dropbox\Projects\sec_data_pipeline\data\sec_rolling\batch_logs\batch_00066_download_metadata.json | Extraction completed. Manifest rows marked processed: 43. Extraction summary: C:\Users\linka\Dropbox\Projects\sec_data_pipeline\data\sec_rolling\batch_logs\batch_00066_extraction_summary.json | Raw batch folder deleted.
67,3300,3350,50,"PRGO,PRGS,PRI,PRIM,PRKS,PRLB,PRLD,PRM,PRMB,PRME,PROF,PROK,PROP,PROV,PRPO,PRQR,PRSO,PRSU,PRTA,PRTH,PRU,PRVA,PRZO,PS,PSA,PSBD,PSFE,PSHG,PSIG,PSIX,PSKY,PSMT,PSN,PSNL,PSO,PSQH,PSTV,PSUS,PSX,PTC,PTCT,PTEN,PTGX,PTLE,PTLO,PTNM,PTON,PTOR,PTRN,PUBM",C:\Users\linka\Dropbox\Projects\sec_data_pipeline\sec_filings_rolling_tmp\batch_00067,2026-05-31T19:18:03,2026-05-31T19:19:54,0.0805,40,failed,[WinError 32] The process cannot access the file because it is being used by another process: 'C:\\Users\\linka\\Dropbox\\Projects\\sec_data_pipeline\\sec_filings_rolling_tmp\\batch_00067'
68,3350,3400,50,"PUK,PULM,PUMP,PURR,PVH,PVLA,PWP,PWR,PXED,PXLW,PXS,PYPD,PYPL,PYT,PYXS,PZZA,Q,QBTS,QCLS,QCOM,QCRH,QDEL,QGEN,QLYS,QMCO,QNST,QNTM,QRED,QRHC,QRVO,QS,QSEA,QSI,QSR,QTI,QTRX,QTTB,QTWO,QUAD,QUBT,QUIK,QUMS,QURE,QXL,QXO,R,RAAQ,RAC,RACE,RAIL",C:\Users\linka\Dropbox\Projects\sec_data_pipeline\sec_filings_rolling_tmp\batch_00068,2026-05-31T19:19:54,2026-05-31T19:21:33,0.0615,40,processed_and_deleted,Download completed. Metadata: C:\Users\linka\Dropbox\Projects\sec_data_pipeline\data\sec_rolling\batch_logs\batch_00068_download_metadata.json | Extraction completed. Manifest rows marked processed: 40. Extraction summary: C:\Users\linka\Dropbox\Projects\sec_data_pipeline\data\sec_rolling\batch_logs\batch_00068_extraction_summary.json | Raw batch folder deleted.
69,3400,3450,50,"RAL,RAMP,RANG,RANI,RAPP,RARE,RAVE,RAY,RAYA,RBA,RBB,RBBN,RBC,RBCAA,RBKB,RBLX,RBNE,RBRK,RC,RCAT,RCEL,RCI,RCKT,RCKY,RCL,RCMT,RCUS,RDAC,RDAG,RDCM,RDDT,RDGT,RDI,RDIB,RDN,RDNT,RDNW,RDVT,RDW,RDWR,RDY,RDZN,REAL,REAX,REBN,RECT,REFI,REFR,REG,REGN",C:\Users\linka\Dropbox\Projects\sec_data_pipeline\sec_filings_rolling_tmp\batch_00069,2026-05-31T19:21:33,2026-05-31T19:23:20,0.0883,39,processed_and_deleted,Download completed. Metadata: C:\Users\linka\Dropbox\Projects\sec_data_pipeline\data\sec_rolling\batch_logs\batch_00069_download_metadata.json | Extraction completed. Manifest rows marked processed: 39. Extraction summary: C:\Users\linka\Dropbox\Projects\sec_data_pipeline\data\sec_rolling\batch_logs\batch_00069_extraction_summary.json | Raw batch folder deleted.
70,3450,3500,50,"RELL,RELY,RENT,RENX,REPL,RES,RETO,REVB,REX,REXR,REYN,REZI,RF,RFAI,RFAM,RFIL,RFL,RGA,RGC,RGCO,RGEN,RGLD,RGNX,RGP,RGR,RGS,RGTI,RH,RHI,RHLD,RHP,RIBB,RICK,RIG,RIGL,RILY,RIO,RIOT,RITM,RIVN,RJET,RJF,RKDA,RKLB,RKT,RL,RLAY,RLI,RLMD,RLYB",C:\Users\linka\Dropbox\Projects\sec_data_pipeline\sec_filings_rolling_tmp\batch_00070,2026-05-31T19:23:20,2026-05-31T19:25:24,0.0847,46,failed,[WinError 32] The process cannot access the file because it is being used by another process: 'C:\\Users\\linka\\Dropbox\\Projects\\sec_data_pipeline\\sec_filings_rolling_tmp\\batch_00070'
71,3500,3550,50,"RM,RMAX,RMBI,RMBS,RMCF,RMCO,RMD,RMIX,RMNI,RMR,RMTI,RNA,RNAC,RNAZ,RNG,RNGR,RNGT,RNR,RNST,RNTX,RNW,ROAD,ROC,ROCK,ROG,ROIV,ROK,ROKU,ROL,ROMA,ROOT,ROP,ROST,RPAY,RPC,RPD,RPID,RPM,RPRX,RR,RRBI,RRC,RRGB,RRR,RRX,RS,RSG,RSI,RSKD,RSSS",C:\Users\linka\Dropbox\Projects\sec_data_pipeline\sec_filings_rolling_tmp\batch_00071,2026-05-31T19:25:24,2026-05-31T19:27:22,0.0781,46,processed_and_deleted,Download completed. Metadata: C:\Users\linka\Dropbox\Projects\sec_data_pipeline\data\sec_rolling\batch_logs\batch_00071_download_metadata.json | Extraction completed. Manifest rows marked processed: 46. Extraction summary: C:\Users\linka\Dropbox\Projects\sec_data_pipeline\data\sec_rolling\batch_logs\batch_00071_extraction_summary.json | Raw batch folder deleted.
72,3550,3600,50,"RSVR,RTAC,RTX,RUBI,RUM,RUN,RUSHA,RUSHB,RVLV,RVMD,RVSB,RVSN,RVTY,RWAY,RXO,RXRX,RXST,RXT,RY,RYAM,RYAN,RYET,RYM,RYN,RYOJ,RYTM,RYZ,RZB,RZC,RZLT,RZLV,S,SA,SAAQ,SABR,SABS,SAC,SAFE,SAFT,SAGT,SAH,SAIA,SAIC,SAIH,SAIL,SAM,SAMG,SANA,SANG,SANM",C:\Users\linka\Dropbox\Projects\sec_data_pipeline\sec_filings_rolling_tmp\batch_00072,2026-05-31T19:27:22,2026-05-31T19:29:06,0.0701,37,processed_and_deleted,Download completed. Metadata: C:\Users\linka\Dropbox\Projects\sec_data_pipeline\data\sec_rolling\batch_logs\batch_00072_download_metadata.json | Extraction completed. Manifest rows marked processed: 37. Extraction summary: C:\Users\linka\Dropbox\Projects\sec_data_pipeline\data\sec_rolling\batch_logs\batch_00072_extraction_summary.json | Raw batch folder deleted.
73,3600,3650,50,"SAR,SARO,SATL,SATS,SB,SBAC,SBC,SBCF,SBET,SBFG,SBFM,SBGI,SBH,SBLK,SBRA,SBSI,SBUX,SBXD,SBXE,SCCO,SCHL,SCHW,SCI,SCII,SCKT,SCL,SCLX,SCM,SCOR,SCPQ,SCSC,SCVL,SCWO,SCZM,SD,SDA,SDGR,SDHC,SDHI,SDM,SDOT,SDRL,SEAT,SEDG,SEED,SEER,SEG,SEI,SEIC,SELF",C:\Users\linka\Dropbox\Projects\sec_data_pipeline\sec_filings_rolling_tmp\batch_00073,2026-05-31T19:29:06,2026-05-31T19:31:10,0.104,44,processed_and_deleted,Download completed. Metadata: C:\Users\linka\Dropbox\Projects\sec_data_pipeline\data\sec_rolling\batch_logs\batch_00073_download_metadata.json | Extraction completed. Manifest rows marked processed: 44. Extraction summary: C:\Users\linka\Dropbox\Projects\sec_data_pipeline\data\sec_rolling\batch_logs\batch_00073_extraction_summary.json | Raw batch folder deleted.
74,3650,3700,50,"SEM,SENEA,SENEB,SENS,SEPN,SERA,SERV,SES,SEV,SEZL,SF,SFBC,SFBS,SFD,SFHG,SFIX,SFL,SFM,SFNC,SFST,SFWL,SG,SGA,SGC,SGHC,SGHT,SGI,SGML,SGMT,SGP,SGRY,SGU,SHAK,SHAZ,SHBI,SHC,SHEN,SHIM,SHIP,SHLS,SHMD,SHO,SHOO,SHOP,SHPH,SHW,SI,SIBN,SID,SIDU",C:\Users\linka\Dropbox\Projects\sec_data_pipeline\sec_filings_rolling_tmp\batch_00074,2026-05-31T19:31:10,2026-05-31T19:32:55,0.0674,41,processed_and_deleted,Download completed. Metadata: C:\Users\linka\Dropbox\Projects\sec_data_pipeline\data\sec_rolling\batch_logs\batch_00074_download_metadata.json | Extraction completed. Manifest rows marked processed: 41. Extraction summary: C:\Users\linka\Dropbox\Projects\sec_data_pipeline\data\sec_rolling\batch_logs\batch_00074_extraction_summary.json | Raw batch folder deleted.
75,3700,3750,50,"SIEB,SIG,SIGA,SIGI,SII,SILC,SIMA,SINT,SION,SIRI,SITC,SITE,SITM,SJ,SJM,SKBL,SKE,SKIL,SKIN,SKK,SKLZ,SKM,SKT,SKWD,SKY,SKYH,SKYQ,SKYT,SKYW,SKYX,SLAB,SLB,SLDB,SLDE,SLDP,SLE,SLF,SLG,SLGL,SLGN,SLM,SLNG,SLNH,SLNO,SLP,SLQT,SLS,SLSN,SLVM,SLXN",C:\Users\linka\Dropbox\Projects\sec_data_pipeline\sec_filings_rolling_tmp\batch_00075,2026-05-31T19:32:55,2026-05-31T19:34:41,0.0645,42,processed_and_deleted,Download completed. Metadata: C:\Users\linka\Dropbox\Projects\sec_data_pipeline\data\sec_rolling\batch_logs\batch_00075_download_metadata.json | Extraction completed. Manifest rows marked processed: 42. Extraction summary: C:\Users\linka\Dropbox\Projects\sec_data_pipeline\data\sec_rolling\batch_logs\batch_00075_extraction_summary.json | Raw batch folder deleted.
76,3750,3800,50,"SM,SMA,SMBC,SMBK,SMC,SMCI,SMG,SMHI,SMID,SMMT,SMP,SMPL,SMR,SMRT,SMTC,SMTI,SMWB,SMX,SN,SNA,SNAP,SNBR,SNCY,SND,SNDA,SNDK,SNDL,SNDR,SNDX,SNES,SNEX,SNFCA,SNGX,SNN,SNOA,SNOW,SNPS,SNSE,SNT,SNTG,SNTI,SNWV,SNX,SNYR,SO,SOBO,SOC,SOCA,SOFI,SOLS",C:\Users\linka\Dropbox\Projects\sec_data_pipeline\sec_filings_rolling_tmp\batch_00076,2026-05-31T19:34:41,2026-05-31T19:36:46,0.0922,46,failed,[WinError 32] The process cannot access the file because it is being used by another process: 'C:\\Users\\linka\\Dropbox\\Projects\\sec_data_pipeline\\sec_filings_rolling_tmp\\batch_00076'
77,3800,3850,50,"SOLV,SON,SONM,SONO,SOPH,SOR,SORA,SORN,SOS,SOTK,SOUL,SOUN,SPAI,SPB,SPCB,SPCE,SPEG,SPFI,SPG,SPGI,SPH,SPHL,SPHR,SPIR,SPKL,SPMC,SPNT,SPOK,SPOT,SPPL,SPRB,SPRC,SPRO,SPRU,SPRY,SPSC,SPT,SPTX,SPWH,SPWR,SPXC,SQM,SR,SRAD,SRBK,SRCE,SRE,SRFM,SRG,SRI",C:\Users\linka\Dropbox\Projects\sec_data_pipeline\sec_filings_rolling_tmp\batch_00077,2026-05-31T19:36:46,2026-05-31T19:38:28,0.0726,37,processed_and_deleted,Download completed. Metadata: C:\Users\linka\Dropbox\Projects\sec_data_pipeline\data\sec_rolling\batch_logs\batch_00077_download_metadata.json | Extraction completed. Manifest rows marked processed: 37. Extraction summary: C:\Users\linka\Dropbox\Projects\sec_data_pipeline\data\sec_rolling\batch_logs\batch_00077_extraction_summary.json | Raw batch folder deleted.
78,3850,3900,50,"SRL,SRPT,SRRK,SRTA,SRTS,SRZN,SSAC,SSB,SSBI,SSD,SSEA,SSII,SSM,SSNC,SSP,SSRM,SST,SSTI,SSTK,SSYS,ST,STAA,STAG,STAK,STBA,STC,STE,STEL,STEM,STEP,STEX,STFS,STGW,STHO,STI,STIM,STKE,STKS,STLA,STLD,STM,STN,STNE,STNG,STOK,STRA,STRL,STRO,STRR,STRS",C:\Users\linka\Dropbox\Projects\sec_data_pipeline\sec_filings_rolling_tmp\batch_00078,2026-05-31T19:38:28,2026-05-31T19:40:12,0.0704,40,processed_and_deleted,Download completed. Metadata: C:\Users\linka\Dropbox\Projects\sec_data_pipeline\data\sec_rolling\batch_logs\batch_00078_download_metadata.json | Extraction completed. Manifest rows marked processed: 40. Extraction summary: C:\Users\linka\Dropbox\Projects\sec_data_pipeline\data\sec_rolling\batch_logs\batch_00078_extraction_summary.json | Raw batch folder deleted.
79,3900,3950,50,"STRT,STRZ,STSS,STT,STTK,STUB,STVN,STX,STZ,SU,SUGP,SUI,SUIG,SUJA,SUMA,SUNB,SUNE,SUPN,SUPX,SVAC,SVAQ,SVCC,SVCO,SVIV,SVRA,SVRN,SVV,SW,SWAG,SWBI,SWIM,SWK,SWKS,SWMR,SWVL,SWX,SXC,SXI,SXT,SXTC,SXTP,SYBT,SYF,SYK,SYM,SYNA,SYPR,SYRE,SYY,SZZL",C:\Users\linka\Dropbox\Projects\sec_data_pipeline\sec_filings_rolling_tmp\batch_00079,2026-05-31T19:40:12,2026-05-31T19:42:06,0.0723,46,processed_and_deleted,Download completed. Metadata: C:\Users\linka\Dropbox\Projects\sec_data_pipeline\data\sec_rolling\batch_logs\batch_00079_download_metadata.json | Extraction completed. Manifest rows marked processed: 46. Extraction summary: C:\Users\linka\Dropbox\Projects\sec_data_pipeline\data\sec_rolling\batch_logs\batch_00079_extraction_summary.json | Raw batch folder deleted.
80,3950,4000,50,"T,TAC,TACH,TACO,TACT,TALK,TALO,TAOP,TAOX,TAP,TAP-A,TARA,TARS,TASK,TATT,TAVI,TAYD,TBBB,TBBK,TBCH,TBI,TBLA,TBN,TBPH,TBRG,TCBI,TCBK,TCBS,TCBX,TCI,TCMD,TCRX,TCX,TD,TDAC,TDAY,TDC,TDG,TDIC,TDOC,TDS,TDUP,TDW,TDWD,TDY,TE,TEAM,TECH,TECK,TECX",C:\Users\linka\Dropbox\Projects\sec_data_pipeline\sec_filings_rolling_tmp\batch_00080,2026-05-31T19:42:06,2026-05-31T19:43:56,0.0723,42,processed_and_deleted,Download completed. Metadata: C:\Users\linka\Dropbox\Projects\sec_data_pipeline\data\sec_rolling\batch_logs\batch_00080_download_metadata.json | Extraction completed. Manifest rows marked processed: 42. Extraction summary: C:\Users\linka\Dropbox\Projects\sec_data_pipeline\data\sec_rolling\batch_logs\batch_00080_extraction_summary.json | Raw batch folder deleted.
81,4000,4050,50,"TEL,TELO,TEM,TEN,TENB,TENX,TEO,TER,TEX,TFC,TFII,TFIN,TFPM,TFSL,TFX,TG,TGE,TGL,TGLS,TGS,TGT,TGTX,TH,THC,THCH,THFF,THG,THO,THR,THRM,THRY,TIC,TIGO,TIL,TILE,TIPT,TISI,TITN,TJX,TK,TKC,TKNO,TKO,TKR,TLF,TLK,TLN,TLNC,TLRY,TLS",C:\Users\linka\Dropbox\Projects\sec_data_pipeline\sec_filings_rolling_tmp\batch_00081,2026-05-31T19:43:56,2026-05-31T19:45:48,0.0771,41,processed_and_deleted,Download completed. Metadata: C:\Users\linka\Dropbox\Projects\sec_data_pipeline\data\sec_rolling\batch_logs\batch_00081_download_metadata.json | Extraction completed. Manifest rows marked processed: 41. Extraction summary: C:\Users\linka\Dropbox\Projects\sec_data_pipeline\data\sec_rolling\batch_logs\batch_00081_extraction_summary.json | Raw batch folder deleted.
82,4050,4100,50,"TLSA,TLSI,TLYS,TM,TMC,TMCI,TMCR,TMDX,TMHC,TMO,TMTS,TMUS,TNC,TNDM,TNET,TNGX,TNK,TNL,TNMG,TNXP,TOI,TOL,TORO,TOST,TOWN,TOYO,TPB,TPC,TPCS,TPG,TPH,TPL,TPR,TPST,TPVG,TR,TRAD,TRAK,TRAW,TRAX,TRC,TRDA,TREE,TREX,TRGP,TRGS,TRI,TRIN,TRIP,TRMB",C:\Users\linka\Dropbox\Projects\sec_data_pipeline\sec_filings_rolling_tmp\batch_00082,2026-05-31T19:45:48,2026-05-31T19:47:45,0.091,41,processed_and_deleted,Download completed. Metadata: C:\Users\linka\Dropbox\Projects\sec_data_pipeline\data\sec_rolling\batch_logs\batch_00082_download_metadata.json | Extraction completed. Manifest rows marked processed: 41. Extraction summary: C:\Users\linka\Dropbox\Projects\sec_data_pipeline\data\sec_rolling\batch_logs\batch_00082_extraction_summary.json | Raw batch folder deleted.
83,4100,4150,50,"TRMD,TRMK,TRN,TRNO,TRNR,TRNS,TRON,TROO,TROW,TROX,TRP,TRS,TRSG,TRST,TRU,TRUG,TRUP,TRV,TRVI,TSAT,TSBK,TSCO,TSEM,TSHA,TSLA,TSLX,TSM,TSN,TSQ,TSSI,TT,TTAM,TTAN,TTC,TTE,TTEC,TTEK,TTGT,TTI,TTMI,TTRX,TTWO,TU,TULP,TUSK,TV,TVA,TVAI,TVC,TVE",C:\Users\linka\Dropbox\Projects\sec_data_pipeline\sec_filings_rolling_tmp\batch_00083,2026-05-31T19:47:45,2026-05-31T19:49:36,0.0822,38,failed,[WinError 32] The process cannot access the file because it is being used by another process: 'C:\\Users\\linka\\Dropbox\\Projects\\sec_data_pipeline\\sec_filings_rolling_tmp\\batch_00083'
84,4150,4200,50,"TVRD,TVTX,TW,TWAV,TWFG,TWG,TWI,TWIN,TWLO,TWLV,TWO,TWST,TXG,TXMD,TXN,TXNM,TXRH,TXT,TY,TYG,TYGO,TYL,TYRA,TZOO,U,UA,UAA,UAL,UAMY,UBCP,UBER,UBS,UBSI,UBXG,UCAR,UCB,UCFI,UCTT,UDR,UE,UEIC,UFCS,UFG,UFI,UFPI,UFPT,UG,UGI,UGRO,UHAL",C:\Users\linka\Dropbox\Projects\sec_data_pipeline\sec_filings_rolling_tmp\batch_00084,2026-05-31T19:49:36,2026-05-31T19:51:35,0.0792,43,processed_and_deleted,Download completed. Metadata: C:\Users\linka\Dropbox\Projects\sec_data_pipeline\data\sec_rolling\batch_logs\batch_00084_download_metadata.json | Extraction completed. Manifest rows marked processed: 43. Extraction summary: C:\Users\linka\Dropbox\Projects\sec_data_pipeline\data\sec_rolling\batch_logs\batch_00084_extraction_summary.json | Raw batch folder deleted.
85,4200,4250,50,"UHAL-B,UHS,UI,UIS,ULBI,ULCC,ULH,ULS,ULTA,UMBF,UMC,UMH,UNB,UNCY,UNF,UNFI,UNH,UNIT,UNM,UNP,UNTY,UONE,UONEK,UP,UPB,UPBD,UPC,UPS,UPST,UPWK,UPXI,URBN,URGN,URI,UROY,USAR,USAU,USB,USCB,USEA,USEG,USFD,USGO,USIO,USLM,USNA,USPH,UTHR,UTI,UTL",C:\Users\linka\Dropbox\Projects\sec_data_pipeline\sec_filings_rolling_tmp\batch_00085,2026-05-31T19:51:35,2026-05-31T19:53:43,0.087,45,failed,[WinError 32] The process cannot access the file because it is being used by another process: 'C:\\Users\\linka\\Dropbox\\Projects\\sec_data_pipeline\\sec_filings_rolling_tmp\\batch_00085'
86,4250,4300,50,"UTMD,UTSI,UTZ,UVE,UVSP,UVV,UWMC,UYSC,V,VABK,VAC,VACH,VACI,VAL,VALU,VANI,VATE,VBNK,VC,VCEL,VCIG,VCTR,VCYT,VECO,VEEV,VEL,VELO,VERA,VERI,VERU,VERX,VET,VFC,VFF,VFS,VG,VGAS,VGNT,VHC,VHCP,VHI,VIA,VIAV,VICI,VICR,VIK,VINP,VIR,VIRC,VIRT",C:\Users\linka\Dropbox\Projects\sec_data_pipeline\sec_filings_rolling_tmp\batch_00086,2026-05-31T19:53:43,2026-05-31T19:55:34,0.074,41,processed_and_deleted,Download completed. Metadata: C:\Users\linka\Dropbox\Projects\sec_data_pipeline\data\sec_rolling\batch_logs\batch_00086_download_metadata.json | Extraction completed. Manifest rows marked processed: 41. Extraction summary: C:\Users\linka\Dropbox\Projects\sec_data_pipeline\data\sec_rolling\batch_logs\batch_00086_extraction_summary.json | Raw batch folder deleted.
87,4300,4350,50,"VISN,VITL,VIVO,VIVS,VKTX,VLGEA,VLN,VLO,VLTO,VLY,VMAR,VMC,VMD,VMET,VMI,VNCE,VNDA,VNME,VNOM,VNT,VOR,VOXR,VOYA,VOYG,VPG,VRA,VRCA,VRDN,VRE,VREX,VRM,VRNS,VRRM,VRSK,VRSN,VRT,VRTS,VRTX,VSAT,VSCO,VSEC,VSH,VSME,VSNT,VST,VSTM,VSTS,VTEX,VTIX,VTOL",C:\Users\linka\Dropbox\Projects\sec_data_pipeline\sec_filings_rolling_tmp\batch_00087,2026-05-31T19:55:34,2026-05-31T19:57:23,0.0749,43,processed_and_deleted,Download completed. Metadata: C:\Users\linka\Dropbox\Projects\sec_data_pipeline\data\sec_rolling\batch_logs\batch_00087_download_metadata.json | Extraction completed. Manifest rows marked processed: 43. Extraction summary: C:\Users\linka\Dropbox\Projects\sec_data_pipeline\data\sec_rolling\batch_logs\batch_00087_extraction_summary.json | Raw batch folder deleted.
88,4350,4400,50,"VTR,VTRS,VTS,VTSI,VTVT,VUZI,VVV,VVX,VWAV,VYGR,VYX,VZ,W,WAB,WABC,WAFD,WAFU,WAI,WAL,WALD,WAT,WATT,WAY,WBD,WBI,WBS,WBTN,WBUY,WBX,WCC,WCN,WCT,WD,WDAY,WDC,WDFC,WEAV,WEC,WELL,WEN,WENN,WERN,WEST,WETH,WEX,WEYS,WFC,WFCF,WFF,WFG",C:\Users\linka\Dropbox\Projects\sec_data_pipeline\sec_filings_rolling_tmp\batch_00088,2026-05-31T19:57:23,2026-05-31T19:59:36,0.0813,44,failed,[WinError 32] The process cannot access the file because it is being used by another process: 'C:\\Users\\linka\\Dropbox\\Projects\\sec_data_pipeline\\sec_filings_rolling_tmp\\batch_00088'
89,4400,4450,50,"WFRD,WGO,WGS,WH,WHD,WHG,WHR,WHWK,WILC,WIMI,WINA,WING,WIT,WIX,WK,WKC,WKHS,WKSP,WLDN,WLDS,WLFC,WLII,WLK,WLTH,WLY,WLYB,WM,WMB,WMG,WMK,WMS,WMT,WNC,WNEB,WNW,WOK,WOLF,WOOF,WOR,WPAC,WPC,WPM,WPRT,WRAP,WRB,WRB$E,WRB$F,WRB$G,WRB$H,WRBY",C:\Users\linka\Dropbox\Projects\sec_data_pipeline\sec_filings_rolling_tmp\batch_00089,2026-05-31T19:59:36,2026-05-31T20:01:39,0.0596,38,processed_and_deleted,Download completed. Metadata: C:\Users\linka\Dropbox\Projects\sec_data_pipeline\data\sec_rolling\batch_logs\batch_00089_download_metadata.json | Extraction completed. Manifest rows marked processed: 38. Extraction summary: C:\Users\linka\Dropbox\Projects\sec_data_pipeline\data\sec_rolling\batch_logs\batch_00089_extraction_summary.json | Raw batch folder deleted.
90,4450,4500,50,"WRLD,WS,WSBC,WSBF,WSBK,WSC,WSE,WSFS,WSHP,WSM,WSO,WSO-B,WSR,WST,WSTN,WT,WTBA,WTF,WTFC,WTG,WTI,WTM,WTO,WTRG,WTS,WTTR,WTW,WU,WULF,WVE,WVVI,WW,WWD,WWW,WY,WYFI,WYNN,XBIO,XBIT,XBP,XCBE,XCUR,XE,XEL,XELB,XENE,XERS,XFLH,XFOR,XGN",C:\Users\linka\Dropbox\Projects\sec_data_pipeline\sec_filings_rolling_tmp\batch_00090,2026-05-31T20:01:39,2026-05-31T20:03:45,0.0899,45,failed,[WinError 32] The process cannot access the file because it is being used by another process: 'C:\\Users\\linka\\Dropbox\\Projects\\sec_data_pipeline\\sec_filings_rolling_tmp\\batch_00090'
91,4500,4550,50,"XHLD,XHR,XLO,XMTR,XNCR,XNDU,XOM,XOMA,XOS,XP,XPEL,XPER,XPO,XPOF,XPRO,XRAY,XRN,XRPN,XRTX,XRX,XSLL,XTIA,XWEL,XWIN,XXI,XXII,XYL,XYZ,XZO,YAAS,YCY,YDDL,YDES,YDKG,YELP,YETI,YEXT,YHC,YHGJ,YIBO,YOOV,YORW,YOU,YPF,YSS,YSWY,YSXT,YTRA,YUM,YUMC",C:\Users\linka\Dropbox\Projects\sec_data_pipeline\sec_filings_rolling_tmp\batch_00091,2026-05-31T20:03:45,2026-05-31T20:05:22,0.0561,38,failed,[WinError 32] The process cannot access the file because it is being used by another process: 'C:\\Users\\linka\\Dropbox\\Projects\\sec_data_pipeline\\sec_filings_rolling_tmp\\batch_00091'
92,4550,4587,37,"YYAI,YYGH,Z,ZBAI,ZBAO,ZBH,ZBIO,ZBRA,ZCMD,ZD,ZDAI,ZENA,ZETA,ZG,ZGN,ZIM,ZION,ZIP,ZJK,ZJYL,ZKIN,ZKP,ZM,ZNB,ZNTL,ZS,ZSQR,ZSTK,ZTG,ZTS,ZUMZ,ZURA,ZVIA,ZVRA,ZWS,ZYBT,ZYME",C:\Users\linka\Dropbox\Projects\sec_data_pipeline\sec_filings_rolling_tmp\batch_00092,2026-05-31T20:05:22,2026-05-31T20:06:27,0.0372,24,processed_and_deleted,Download completed. Metadata: C:\Users\linka\Dropbox\Projects\sec_data_pipeline\data\sec_rolling\batch_logs\batch_00092_download_metadata.json | Extraction completed. Manifest rows marked processed: 24. Extraction summary: C:\Users\linka\Dropbox\Projects\sec_data_pipeline\data\sec_rolling\batch_logs\batch_00092_extraction_summary.json | Raw batch folder deleted.
